-0.486751,0.136
-0.50909,0.137
-0.520307,0.137
-0.531428,0.136
-0.542358,0.139
-0.553575,0.139
-0.597965,0.142
-0.609182,0.143
-0.620399,0.143
-0.631521,0.144
-0.64245,0.145
-0.664789,0.141
-0.687223,0.142
-0.698632,0.142
-0.710041,0.143
-0.721546,0.144
-0.733243,0.145
-0.744748,0.146
-0.756157,0.147
-0.767662,0.148
-0.779358,0.149
-0.790767,0.15
-0.802272,0.152
-0.813681,0.153
-0.825473,0.154
-0.836882,0.155
-0.848387,0.157
-0.859796,0.158
-0.871493,0.16
-0.882998,0.161
-0.917608,0.168
-0.929113,0.169
-0.940522,0.171
-0.947617,0.173
-0.959313,0.175
-0.970818,0.177
-0.982227,0.179
-0.993732,0.181
-1.00543,0.184
-1.01684,0.185
-1.02834,0.188
-1.03975,0.19
-1.04282,0.192
-1.06238,0.193
-1.07331,0.194
-1.08452,0.195
-1.09545,0.198
-1.13956,0.212
-1.13083,0.208
-1.14205,0.209
-1.17263,0.205
-1.18347,0.203
-1.19468,0.201
-1.21673,0.198
-1.22766,0.197
-1.23859,0.196
-1.26064,0.194
-1.27186,0.193
-1.28279,0.191
-1.29372,0.191
-1.30484,0.19
-1.31577,0.189
-1.32699,0.188
-1.33782,0.187
-1.34875,0.186
-1.35997,0.185
-1.3709,0.185
-1.38202,0.184
-1.39295,0.183
-1.40417,0.182
-1.41529,0.182
-1.42651,0.181
-1.43763,0.181
-1.44913,0.18
-1.46035,0.179
-1.47147,0.179
-1.48298,0.179
-1.4941,0.178
-1.50531,0.177
-1.51672,0.177
-1.52794,0.177
-1.53916,0.176
-1.55057,0.176
-1.56178,0.175
-1.59553,0.175
-1.60675,0.175
-1.62938,0.174
-1.64059,0.174
-1.65171,0.174
-1.66322,0.174
-1.68556,0.174
-1.70818,0.174
-1.7194,0.174
-1.73081,0.173
-1.74203,0.173
-1.75315,0.174
-1.76465,0.174
-1.77558,0.174
-1.78642,0.174
-1.79735,0.174
-1.80828,0.174
-1.83033,0.175
-1.85219,0.176
-1.86312,0.176
-1.87424,0.176
-1.88517,0.176
-1.91815,0.178
-1.92908,0.178
-1.94001,0.179
-1.95094,0.179
-1.96177,0.18
-1.97299,0.181
-1.98392,0.181
-1.99485,0.181
-2.00568,0.182
-2.0169,0.183
-2.02783,0.184
-2.03876,0.184
-2.04959,0.185
-2.06052,0.185
-2.07174,0.186
-2.08267,0.187
-2.0935,0.188
-2.11565,0.19
-2.13799,0.192
-2.1492,0.193
-2.16061,0.194
-2.17183,0.195
-2.19417,0.197
-2.20558,0.198
-2.21679,0.199
-2.23942,0.201
-2.25064,0.203
-2.26176,0.204
-2.27298,0.205
-2.28439,0.206
-2.2956,0.208
-2.30682,0.21
-2.30298,0.211
-2.32945,0.212
-2.34057,0.214
-2.35178,0.215
-2.34795,0.216
-2.3701,0.219
-2.38563,0.22
-2.39272,0.222
-2.40825,0.224
-2.41938,0.226
-2.43059,0.228
-2.43548,0.23
-2.45322,0.232
-2.46444,0.234
-2.44315,0.237
-2.48706,0.239
-2.48073,0.245
-2.4723,0.247
-2.52656,0.254
-2.55082,0.251
-2.57076,0.248
-2.58629,0.246
-2.61084,0.243
-2.58715,0.24
-2.60921,0.238
-2.64439,0.235
-2.6559,0.233
-2.66702,0.231
-2.67823,0.229
-2.68936,0.227
-2.70086,0.225
-2.69894,0.224
-2.69482,0.222
-2.73442,0.22
-2.74583,0.218
-2.75704,0.217
-2.76816,0.215
-2.79089,0.212
-2.80201,0.211
-2.8045,0.21
-2.82435,0.208
-2.83585,0.207
-2.84678,0.205
-2.8579,0.205
-2.86912,0.203
-2.88005,0.203
-2.89117,0.201
-2.9136,0.199
-2.92444,0.198
-2.93566,0.198
-2.95771,0.196
-2.96892,0.195
-2.98014,0.194
-2.99126,0.193
-3.00219,0.193
-3.01341,0.193
-3.02453,0.192
-3.03546,0.191
-3.04668,0.191
-3.0578,0.19
-3.06902,0.189
-3.07995,0.189
-3.09107,0.188
-3.10228,0.188
-3.11321,0.188
-3.12434,0.187
-3.13555,0.187
-3.14677,0.187
-3.1576,0.186
-3.16882,0.186
-3.18004,0.186
-3.19116,0.186
-3.20238,0.185
-3.2135,0.185
-3.22472,0.185
-3.23593,0.184
-3.24705,0.184
-3.25827,0.184
-3.26949,0.184
-3.2809,0.184
-3.29211,0.184
-3.30324,0.184
-3.31445,0.184
-3.32567,0.184
-3.33679,0.184
-3.34801,0.185
-3.35913,0.185
-3.38176,0.185
-3.39297,0.185
-3.40419,0.186
-3.41531,0.186
-3.42653,0.186
-3.43775,0.186
-3.44887,0.187
-3.46037,0.187
-3.47149,0.188
-3.48271,0.188
-3.49393,0.188
-3.50505,0.189
-3.51627,0.189
-3.52739,0.19
-3.53861,0.19
-3.55002,0.191
-3.56094,0.191
-3.57216,0.192
-3.58309,0.193
-3.59421,0.193
-3.60543,0.194
-3.61636,0.194
-3.62777,0.196
-3.66516,0.197
-3.67168,0.199
-3.70063,0.201
-3.70082,0.202
-3.72729,0.203
-3.72518,0.203
-3.74291,0.204
-3.76036,0.206
-3.77148,0.207
-3.77398,0.208
-3.77618,0.209
-3.80475,0.209
-3.81597,0.211
-3.8269,0.213
-3.82057,0.214
-3.84895,0.215
-3.85144,0.216
-3.84732,0.217
-3.86908,0.218
-3.89343,0.22
-3.87838,0.222
-3.92038,0.224
-3.92747,0.225
-3.91088,0.226
-3.95067,0.228
-3.96237,0.23
-3.97387,0.233
-3.95719,0.235
-3.99707,0.237
-3.9779,0.239
-4.02018,0.241
-3.9989,0.244
-4.04338,0.245
-4.05489,0.248
-4.05786,0.25
-4.0453,0.252
-4.04827,0.255
-4.05757,0.258
-4.09084,0.26
-4.10695,0.263
-4.11184,0.265
-4.12142,0.268
-4.1219,0.271
-4.12497,0.276
-4.14079,0.278
-4.14347,0.281
-4.16179,0.278
-4.1776,0.287
-4.17837,0.28
-4.1986,0.274
-4.21902,0.271
-4.22612,0.269
-4.23781,0.267
-4.25526,0.264
-4.27271,0.261
-4.26619,0.26
-4.28613,0.258
-4.30358,0.256
-4.32314,0.254
-4.31883,0.253
-4.35622,0.251
-4.33877,0.249
-4.36274,0.247
-4.36274,0.247
-4.40665,0.203
-4.43311,0.238
-4.46149,0.238
-4.43963,0.236
-4.48105,0.234
-4.47261,0.234
-4.47702,0.233
-4.50099,0.232
-4.52716,0.231
-4.51,0.229
-4.52524,0.228
-4.5471,0.228
-4.57107,0.227
-4.55611,0.226
-4.56484,0.226
-4.5844,0.22
-4.61747,0.218
-4.63732,0.223
-4.64882,0.211
-4.67145,0.22
-4.68257,0.22
-4.67883,0.22
-4.70529,0.219
-4.7167,0.219
-4.72792,0.218
-4.73933,0.218
-4.7331,0.218
-4.76196,0.217
-4.76004,0.217
-4.78458,0.217
-4.7958,0.217
-4.80721,0.216
-4.79906,0.216
-4.82983,0.216
-4.84134,0.216
-4.8307,0.216
-4.86397,0.216
-4.87518,0.216
-4.88659,0.216
-4.89781,0.217
-4.90922,0.217
-4.91823,0.217
-4.93184,0.217
-4.93213,0.217
-4.95447,0.217
-4.94824,0.218
-4.95313,0.218
-4.9886,0.218
-4.97547,0.218
-5.01036,0.219
-4.99512,0.219
-5.01506,0.22
-5.04344,0.22
-5.03903,0.22
-5.0652,0.221
-5.06118,0.221
-5.07642,0.222
-5.1026,0.223
-5.1094,0.223
-5.11161,0.223
-5.13126,0.224
-5.1421,0.225
-5.15331,0.225
-5.16424,0.226
-5.16232,0.227
-5.19722,0.228
-5.21899,0.229
-5.2302,0.231
-5.228,0.232
-5.25206,0.233
-5.26318,0.234
-5.27411,0.235
-5.29597,0.236
-5.30709,0.237
-5.3093,0.239
-5.31582,0.24
-5.3139,0.241
-5.32291,0.243
-5.34314,0.242
-5.39712,0.23
-5.38025,0.226
-5.41975,0.22
-5.43115,0.215
-5.44266,0.211
-5.45407,0.206
-5.46557,0.202
-5.47698,0.198
-5.4882,0.195
-5.49961,0.191
-5.51111,0.187
-5.52252,0.184
-5.53403,0.181
-5.54544,0.179
-5.55694,0.176
-5.56806,0.173
-5.58388,0.171
-5.59539,0.168
-5.6068,0.166
-5.6183,0.164
-5.62971,0.16
-5.64093,0.158
-5.65234,0.156
-5.66384,0.154
-5.67525,0.153
-5.68675,0.151
-5.69816,0.149
-5.70967,0.148
-5.72031,0.146
-5.73095,0.145
-5.74179,0.144
-5.75243,0.143
-5.76307,0.142
-5.774,0.142
-5.78464,0.141
-5.80621,0.145
-5.81686,0.145
-5.82769,0.143
-5.83833,0.143
-5.8599,0.14
-5.88147,0.138
-5.90276,0.137
-5.91359,0.137
-5.92423,0.136
-0.420694,0.136
-0.432199,0.136
-0.443416,0.137
-0.454825,0.138
-0.466043,0.138
-0.477452,0.139
-0.488669,0.138
-0.500078,0.14
-0.511583,0.141
-0.522704,0.142
-0.534209,0.142
-0.54533,0.143
-0.556835,0.144
-0.567956,0.145
-0.579461,0.147
-0.590678,0.147
-0.602087,0.147
-0.613592,0.149
-0.624714,0.142
-0.636219,0.142
-0.64734,0.143
-0.658845,0.144
-0.669966,0.145
-0.681471,0.146
-0.69288,0.147
-0.704097,0.148
-0.715506,0.149
-0.727011,0.151
-0.73842,0.153
-0.749637,0.154
-0.761046,0.156
-0.772551,0.157
-0.78396,0.158
-0.795465,0.16
-0.806586,0.161
-0.818091,0.163
-0.8295,0.164
-0.841005,0.166
-0.852126,0.168
-0.863631,0.169
-0.87504,0.171
-0.882135,0.173
-0.89364,0.175
-0.904761,0.177
-0.916266,0.178
-0.927675,0.181
-0.93918,0.183
-0.950301,0.187
-0.961806,0.19
-0.973215,0.191
-0.98472,0.192
-0.996129,0.193
-1.0641,0.208
-1.07522,0.207
-1.07551,0.207
-1.09756,0.203
-1.10878,0.201
-1.12,0.2
-1.13112,0.198
-1.14234,0.197
-1.16467,0.195
-1.17589,0.193
-1.18701,0.192
-1.19823,0.191
-1.20945,0.19
-1.22057,0.189
-1.23179,0.188
-1.24272,0.187
-1.26505,0.185
-1.27627,0.185
-1.28739,0.184
-1.30973,0.182
-1.32095,0.181
-1.33217,0.181
-1.34329,0.18
-1.35451,0.179
-1.36563,0.179
-1.38125,0.178
-1.38806,0.178
-1.39918,0.177
-1.4104,0.177
-1.42133,0.176
-1.43226,0.176
-1.44338,0.176
-1.45431,0.175
-1.46524,0.175
-1.47636,0.174
-1.48729,0.174
-1.50944,0.173
-1.52027,0.173
-1.53149,0.173
-1.54242,0.173
-1.55325,0.173
-1.56447,0.173
-1.5754,0.172
-1.59093,0.172
-1.60186,0.172
-1.61279,0.172
-1.62391,0.172
-1.63484,0.172
-1.64577,0.172
-1.66782,0.172
-1.67904,0.172
-1.68997,0.172
-1.69649,0.172
-1.70761,0.172
-1.71854,0.172
-1.72947,0.173
-1.74068,0.173
-1.75152,0.173
-1.76274,0.173
-1.77338,0.174
-1.78431,0.174
-1.79514,0.174
-1.80607,0.174
-1.817,0.174
-1.82793,0.175
-1.87155,0.177
-1.88248,0.177
-1.89332,0.177
-1.90425,0.178
-1.91518,0.179
-1.9261,0.179
-1.93703,0.18
-1.94787,0.181
-1.9588,0.181
-1.96973,0.182
-1.98066,0.183
-1.99149,0.183
-2.00242,0.184
-2.01335,0.185
-2.02428,0.186
-2.03521,0.187
-2.04604,0.188
-2.05697,0.188
-2.07883,0.19
-2.08967,0.191
-2.10059,0.192
-2.11152,0.193
-2.11613,0.194
-2.14537,0.196
-2.1794,0.2
-2.19091,0.201
-2.20232,0.202
-2.21353,0.204
-2.22494,0.205
-2.23645,0.206
-2.24757,0.208
-2.23942,0.209
-2.26396,0.211
-2.2795,0.212
-2.28228,0.214
-2.30461,0.215
-2.3049,0.217
-2.30979,0.219
-2.33865,0.221
-2.33021,0.223
-2.36137,0.225
-2.37278,0.226
-2.35993,0.229
-2.39541,0.231
-2.37412,0.233
-2.40279,0.235
-2.39895,0.238
-2.41918,0.243
-2.45648,0.245
-2.44833,0.248
-2.46635,0.251
-2.48591,0.25
-2.50173,0.247
-2.51976,0.245
-2.51813,0.242
-2.56693,0.239
-2.57843,0.237
-2.56808,0.235
-2.586,0.232
-2.61275,0.23
-2.60019,0.228
-2.6139,0.226
-2.64717,0.224
-2.64362,0.223
-2.6441,0.221
-2.68178,0.219
-2.69319,0.218
-2.7047,0.216
-2.7161,0.214
-2.72761,0.213
-2.72377,0.211
-2.7464,0.21
-2.76222,0.209
-2.77363,0.207
-2.78513,0.206
-2.78571,0.204
-2.80805,0.202
-2.81946,0.202
-2.83096,0.201
-2.83393,0.2
-2.85407,0.199
-2.86586,0.198
-2.87727,0.197
-2.88906,0.195
-2.90076,0.195
-2.91217,0.194
-2.92396,0.193
-2.93566,0.192
-2.94706,0.192
-2.95886,0.191
-2.96624,0.191
-2.98206,0.19
-2.99376,0.189
-3.00545,0.189
-3.01696,0.188
-3.02865,0.188
-3.04035,0.187
-3.05185,0.187
-3.06355,0.187
-3.07525,0.186
-3.08675,0.186
-3.09845,0.186
-3.11015,0.185
-3.12165,0.185
-3.13335,0.185
-3.14504,0.185
-3.15655,0.185
-3.16825,0.184
-3.18004,0.184
-3.19145,0.184
-3.20314,0.184
-3.21494,0.184
-3.22529,0.184
-3.23593,0.184
-3.24437,0.184
-3.25722,0.184
-3.26776,0.184
-3.28905,0.184
-3.29969,0.184
-3.31033,0.184
-3.31666,0.184
-3.33133,0.185
-3.34197,0.185
-3.35261,0.185
-3.36325,0.186
-3.37389,0.186
-3.38454,0.186
-3.39518,0.187
-3.40582,0.187
-3.41646,0.188
-3.43775,0.188
-3.4481,0.189
-3.45874,0.189
-3.46939,0.19
-3.47993,0.19
-3.49057,0.191
-3.50122,0.192
-3.5225,0.193
-3.53314,0.193
-3.54378,0.194
-3.56564,0.195
-3.57676,0.196
-3.59939,0.198
-3.61061,0.198
-3.62202,0.199
-3.63323,0.2
-3.64445,0.201
-3.64282,0.202
-3.66708,0.203
-3.6782,0.204
-3.6897,0.204
-3.70082,0.206
-3.71204,0.207
-3.72355,0.209
-3.73467,0.21
-3.73716,0.211
-3.75729,0.212
-3.76851,0.213
-3.77973,0.214
-3.79114,0.215
-3.81348,0.218
-3.82498,0.22
-3.82527,0.221
-3.84732,0.222
-3.86314,0.224
-3.86995,0.226
-3.85499,0.227
-3.87733,0.229
-3.87541,0.231
-3.9152,0.233
-3.92642,0.234
-3.90734,0.236
-3.94933,0.238
-3.93236,0.24
-3.93706,0.243
-3.96381,0.245
-3.98394,0.247
-3.99535,0.249
-3.98289,0.251
-4.00494,0.254
-4.00983,0.26
-4.02344,0.262
-4.0197,0.265
-4.03303,0.268
-4.04444,0.27
-4.07119,0.273
-4.06083,0.277
-4.08317,0.28
-4.0988,0.281
-4.1058,0.286
-4.1173,0.286
-4.13964,0.269
-4.13341,0.277
-4.15354,0.275
-4.15843,0.272
-4.17214,0.27
-4.18134,0.267
-4.2057,0.265
-4.22803,0.262
-4.21548,0.261
-4.23129,0.259
-4.2427,0.257
-4.26264,0.254
-4.27818,0.253
-4.2916,0.251
-4.31365,0.249
-4.3357,0.248
-4.34692,0.246
-4.35814,0.203
-4.36926,0.207
-4.37827,0.24
-4.3682,0.237
-4.41432,0.237
-4.40578,0.236
-4.41921,0.235
-4.4216,0.234
-4.44835,0.232
-4.48133,0.231
-4.49255,0.23
-4.4797,0.229
-4.51489,0.228
-4.52639,0.227
-4.53752,0.229
-4.52908,0.216
-4.57107,0.223
-4.57136,0.22
-4.60463,0.219
-4.61584,0.221
-4.62697,0.222
-4.62313,0.221
-4.63876,0.221
-4.6611,0.22
-4.66599,0.22
-4.66656,0.22
-4.69542,0.219
-4.70692,0.219
-4.71613,0.219
-4.72984,0.219
-4.71507,0.219
-4.75266,0.218
-4.76416,0.218
-4.76685,0.218
-4.76311,0.218
-4.79848,0.218
-4.79254,0.218
-4.8214,0.218
-4.8329,0.218
-4.82034,0.218
-4.85582,0.218
-4.85419,0.219
-4.87873,0.219
-4.86617,0.219
-4.90164,0.219
-4.89781,0.219
-4.89829,0.22
-4.93597,0.22
-4.92782,0.22
-4.94795,0.221
-4.97029,0.221
-4.98179,0.221
-4.96923,0.222
-5.00471,0.222
-5.01564,0.223
-5.02647,0.224
-5.01995,0.224
-5.02436,0.224
-5.05926,0.226
-5.04181,0.226
-5.05706,0.227
-5.08543,0.228
-5.10288,0.228
-5.12465,0.229
-5.12033,0.229
-5.14651,0.23
-5.13778,0.232
-5.16204,0.233
-5.17076,0.234
-5.16645,0.235
-5.19914,0.236
-5.19042,0.237
-5.2209,0.238
-5.21659,0.239
-5.24276,0.24
-5.23624,0.242
-5.27766,0.243
-5.26894,0.245
-5.27766,0.244
-5.32569,0.231
-5.33221,0.231
-5.32569,0.226
-5.35426,0.22
-5.35024,0.216
-5.35484,0.211
-5.38811,0.207
-5.39932,0.203
-5.41045,0.199
-5.42195,0.195
-5.43307,0.192
-5.44429,0.188
-5.4557,0.185
-5.46692,0.182
-5.47813,0.179
-5.48954,0.177
-5.50076,0.174
-5.51629,0.171
-5.5277,0.169
-5.53892,0.167
-5.55013,0.162
-5.56154,0.16
-5.57276,0.158
-5.58388,0.156
-5.59539,0.155
-5.60651,0.153
-5.61773,0.151
-5.62923,0.149
-5.64035,0.148
-5.65157,0.147
-5.66298,0.146
-5.67419,0.144
-5.68532,0.143
-5.70804,0.142
-5.74131,0.147
-5.75214,0.144
-5.76307,0.145
-5.77429,0.142
-5.78522,0.142
-5.79605,0.142
-5.80698,0.14
-5.82913,0.138
-5.83996,0.138
-5.86182,0.136
-5.87294,0.136
-0.452141,0.136
-0.463262,0.136
-0.485888,0.138
-0.497106,0.138
-0.508515,0.139
-0.519732,0.139
-0.530949,0.14
-0.542358,0.142
-0.553575,0.141
-0.564697,0.142
-0.587323,0.143
-0.59854,0.145
-0.610045,0.145
-0.621166,0.145
-0.632384,0.147
-0.643793,0.141
-0.65501,0.142
-0.666131,0.142
-0.677636,0.143
-0.688853,0.144
-0.700262,0.145
-0.711767,0.146
-0.723464,0.147
-0.734873,0.148
-0.746665,0.15
-0.758362,0.151
-0.769771,0.152
-0.781563,0.153
-0.79326,0.155
-0.804669,0.156
-0.816461,0.159
-0.82787,0.16
-0.839663,0.162
-0.851359,0.163
-0.862768,0.165
-0.874561,0.167
-0.886257,0.168
-0.897666,0.17
-0.909459,0.172
-0.916554,0.173
-0.92825,0.176
-0.939947,0.177
-0.951452,0.18
-0.963148,0.182
-0.974845,0.184
-0.98635,0.186
-0.998046,0.188
-1.00955,0.19
-1.02125,0.192
-1.05615,0.202
-1.06784,0.205
-1.07877,0.21
-1.08999,0.21
-1.12355,0.207
-1.11942,0.203
-1.14588,0.201
-1.15701,0.2
-1.16822,0.199
-1.17282,0.197
-1.19037,0.196
-1.22383,0.192
-1.23505,0.192
-1.24626,0.19
-1.25738,0.189
-1.27972,0.187
-1.29094,0.186
-1.31309,0.185
-1.32421,0.184
-1.33543,0.183
-1.34655,0.182
-1.35776,0.182
-1.36898,0.181
-1.3801,0.18
-1.39132,0.18
-1.40244,0.179
-1.41366,0.179
-1.42488,0.178
-1.43629,0.177
-1.44779,0.177
-1.4592,0.177
-1.4707,0.176
-1.48211,0.176
-1.49362,0.175
-1.50503,0.175
-1.51644,0.175
-1.52794,0.175
-1.53935,0.174
-1.55114,0.174
-1.56255,0.174
-1.57406,0.173
-1.58547,0.173
-1.59697,0.173
-1.60838,0.173
-1.61988,0.173
-1.63129,0.173
-1.6427,0.172
-1.65421,0.173
-1.66562,0.173
-1.67741,0.172
-1.68882,0.173
-1.70032,0.173
-1.71173,0.173
-1.72324,0.173
-1.73464,0.173
-1.74605,0.173
-1.75756,0.173
-1.76897,0.173
-1.78047,0.173
-1.79217,0.174
-1.80339,0.174
-1.81451,0.174
-1.82601,0.174
-1.83723,0.175
-1.84835,0.175
-1.87098,0.176
-1.88219,0.177
-1.8936,0.177
-1.91604,0.178
-1.92745,0.178
-1.93866,0.179
-1.94979,0.18
-1.96129,0.18
-1.97241,0.181
-1.98363,0.182
-1.99504,0.182
-2.00626,0.183
-2.01747,0.184
-2.0401,0.185
-2.05122,0.186
-2.06272,0.187
-2.07394,0.188
-2.08506,0.189
-2.09657,0.19
-2.10769,0.19
-2.11891,0.191
-2.13032,0.192
-2.14153,0.194
-2.15294,0.195
-2.16445,0.196
-2.17586,0.197
-2.18736,0.198
-2.19877,0.199
-2.21027,0.2
-2.20644,0.202
-2.23319,0.203
-2.2446,0.204
-2.2561,0.205
-2.26751,0.207
-2.27921,0.208
-2.29071,0.209
-2.30212,0.211
-2.29397,0.214
-2.32504,0.216
-2.31468,0.218
-2.34795,0.22
-2.35945,0.221
-2.37086,0.223
-2.38237,0.225
-2.39378,0.227
-2.40547,0.229
-2.40384,0.231
-2.40662,0.234
-2.43769,0.236
-2.4164,0.238
-2.46281,0.241
-2.47422,0.244
-2.44862,0.246
-2.47096,0.242
-2.48236,0.248
-2.48323,0.251
-2.51592,0.253
-2.52493,0.25
-2.53145,0.247
-2.54046,0.244
-2.57325,0.241
-2.56664,0.239
-2.58658,0.237
-2.59099,0.234
-2.60432,0.232
-2.64142,0.23
-2.62828,0.228
-2.64171,0.226
-2.66376,0.223
-2.69645,0.221
-2.68121,0.219
-2.7186,0.217
-2.72953,0.216
-2.74065,0.214
-2.75158,0.213
-2.75589,0.211
-2.77363,0.21
-2.78456,0.208
-2.79578,0.207
-2.80671,0.206
-2.81754,0.205
-2.82224,0.204
-2.83969,0.202
-2.85081,0.202
-2.86174,0.2
-2.85982,0.2
-2.8836,0.199
-2.89443,0.198
-2.93786,0.195
-2.94869,0.194
-2.95962,0.193
-2.97055,0.193
-2.98148,0.192
-2.99213,0.191
-3.00306,0.191
-3.01389,0.19
-3.03575,0.189
-3.04668,0.188
-3.05732,0.188
-3.06815,0.187
-3.07908,0.187
-3.09001,0.187
-3.10094,0.186
-3.11158,0.186
-3.12242,0.186
-3.13335,0.186
-3.14428,0.185
-3.15521,0.185
-3.16585,0.185
-3.17668,0.185
-3.18761,0.184
-3.19854,0.184
-3.23123,0.184
-3.24216,0.184
-3.25309,0.184
-3.26402,0.184
-3.27486,0.184
-3.29672,0.184
-3.30765,0.184
-3.31858,0.184
-3.32941,0.184
-3.34034,0.185
-3.35127,0.185
-3.37303,0.185
-3.38396,0.185
-3.39518,0.186
-3.40611,0.186
-3.41694,0.187
-3.42787,0.187
-3.4388,0.188
-3.44973,0.188
-3.46066,0.188
-3.47149,0.189
-3.48242,0.189
-3.49335,0.189
-3.50428,0.19
-3.51512,0.191
-3.52605,0.191
-3.54791,0.192
-3.55884,0.193
-3.55903,0.194
-3.5923,0.195
-3.60351,0.196
-3.61473,0.196
-3.63736,0.198
-3.64848,0.199
-3.65969,0.2
-3.67091,0.201
-3.68203,0.201
-3.69354,0.202
-3.70715,0.205
-3.72709,0.206
-3.73822,0.207
-3.73879,0.208
-3.76084,0.209
-3.77206,0.21
-3.78318,0.211
-3.77915,0.213
-3.78817,0.214
-3.81702,0.215
-3.82824,0.216
-3.83936,0.217
-3.85058,0.219
-3.8618,0.22
-3.86889,0.222
-3.88442,0.223
-3.89343,0.225
-3.90676,0.227
-3.91798,0.228
-3.92939,0.23
-3.9406,0.232
-3.95173,0.234
-3.96294,0.236
-3.94818,0.238
-3.95499,0.242
-3.9662,0.244
-3.97081,0.246
-3.99976,0.248
-3.99564,0.251
-4.03523,0.253
-4.02459,0.255
-4.0382,0.258
-4.05153,0.261
-4.0453,0.263
-4.06083,0.266
-4.06793,0.269
-4.08125,0.272
-4.09026,0.275
-4.11241,0.278
-4.15517,0.281
-4.15354,0.278
-4.16696,0.275
-4.17808,0.272
-4.19362,0.27
-4.21385,0.268
-4.21624,0.265
-4.22525,0.263
-4.23647,0.261
-4.25881,0.259
-4.27194,0.257
-4.27194,0.255
-4.29812,0.254
-4.29591,0.252
-4.32209,0.25
-4.33954,0.248
-4.35047,0.247
-4.34395,0.245
-4.37664,0.245
-4.3985,0.206
-4.38316,0.237
-4.41806,0.239
-4.44212,0.237
-4.42247,0.236
-4.45085,0.235
-4.45516,0.234
-4.46388,0.233
-4.50751,0.231
-4.49006,0.23
-4.52937,0.229
-4.51623,0.228
-4.55113,0.227
-4.53809,0.227
-4.54681,0.222
-4.58392,0.215
-4.60568,0.224
-4.60568,0.212
-4.62994,0.221
-4.64988,0.222
-4.66138,0.221
-4.67279,0.22
-4.66023,0.22
-4.69571,0.22
-4.70712,0.219
-4.71833,0.219
-4.7167,0.219
-4.72811,0.218
-4.73521,0.218
-4.7423,0.218
-4.75381,0.218
-4.76282,0.218
-4.78736,0.218
-4.8097,0.218
-4.80366,0.218
-4.83261,0.218
-4.84402,0.218
-4.85553,0.218
-4.85141,0.218
-4.87815,0.218
-4.88956,0.218
-4.90107,0.218
-4.91248,0.218
-4.90212,0.219
-4.92858,0.219
-4.94661,0.219
-4.95802,0.219
-4.96952,0.22
-4.95696,0.22
-4.96837,0.22
-5.00385,0.221
-5.01477,0.221
-5.0257,0.221
-5.01506,0.222
-5.04776,0.223
-5.05217,0.223
-5.06118,0.224
-5.05677,0.225
-5.06329,0.225
-5.07882,0.226
-5.11381,0.226
-5.13586,0.227
-5.14679,0.228
-5.15763,0.229
-5.14708,0.23
-5.15791,0.231
-5.17977,0.231
-5.20182,0.232
-5.1931,0.233
-5.22368,0.234
-5.23481,0.235
-5.21084,0.236
-5.25666,0.237
-5.26788,0.238
-5.27872,0.239
-5.28965,0.241
-5.30086,0.242
-5.28341,0.243
-5.30738,0.243
-5.29894,0.246
-5.33634,0.235
-5.34343,0.23
-5.36606,0.224
-5.37526,0.219
-5.4023,0.214
-5.41399,0.21
-5.41677,0.205
-5.42416,0.202
-5.44889,0.198
-5.4604,0.194
-5.47209,0.191
-5.48379,0.187
-5.49529,0.184
-5.50699,0.181
-5.51878,0.175
-5.53019,0.173
-5.5463,0.171
-5.558,0.168
-5.5695,0.165
-5.5812,0.164
-5.59289,0.162
-5.6044,0.16
-5.6161,0.158
-5.62779,0.156
-5.6393,0.154
-5.65099,0.152
-5.66269,0.15
-5.67419,0.149
-5.68589,0.147
-5.69759,0.146
-5.70909,0.145
-5.72079,0.143
-5.73258,0.143
-5.74322,0.142
-5.78685,0.145
-5.79768,0.145
-5.80861,0.142
-5.81954,0.142
-5.83047,0.14
-5.86287,0.138
-5.8738,0.136
-0.442553,0.136
-0.453771,0.136
-0.487327,0.138
-0.498448,0.139
-0.543221,0.142
-0.554342,0.142
-0.56556,0.142
-0.576777,0.144
-0.587898,0.145
-0.599115,0.145
-0.610237,0.145
-0.632671,0.141
-0.643793,0.141
-0.65501,0.142
-0.666131,0.143
-0.677348,0.144
-0.688566,0.145
-0.699975,0.146
-0.711479,0.147
-0.722888,0.148
-0.734585,0.149
-0.74609,0.15
-0.757499,0.151
-0.769004,0.153
-0.7807,0.154
-0.792205,0.156
-0.803614,0.157
-0.815119,0.158
-0.826816,0.16
-0.838225,0.161
-0.849729,0.164
-0.861138,0.166
-0.872931,0.168
-0.88434,0.17
-0.895845,0.171
-0.902844,0.173
-0.914636,0.175
-0.926045,0.177
-0.93755,0.179
-0.948959,0.181
-0.960655,0.183
-0.97216,0.185
-0.983569,0.188
-0.995074,0.19
-1.00677,0.191
-1.01828,0.192
-1.02968,0.194
-1.04119,0.194
-1.05289,0.198
-1.08673,0.209
-1.09785,0.207
-1.10907,0.207
-1.12048,0.204
-1.13601,0.202
-1.14291,0.2
-1.15432,0.199
-1.16554,0.197
-1.17666,0.196
-1.18816,0.195
-1.19929,0.194
-1.2105,0.193
-1.22191,0.192
-1.23313,0.191
-1.24435,0.19
-1.25355,0.189
-1.26697,0.188
-1.27809,0.187
-1.2896,0.186
-1.30082,0.185
-1.31194,0.184
-1.33456,0.183
-1.34578,0.182
-1.35719,0.181
-1.36841,0.18
-1.37962,0.18
-1.39103,0.179
-1.40225,0.179
-1.41366,0.178
-1.42488,0.178
-1.436,0.177
-1.44721,0.177
-1.45862,0.176
-1.46984,0.176
-1.48106,0.176
-1.49247,0.175
-1.51481,0.175
-1.52631,0.174
-1.53743,0.174
-1.54865,0.174
-1.56015,0.173
-1.57128,0.173
-1.58249,0.173
-1.5939,0.173
-1.60512,0.173
-1.61634,0.173
-1.62746,0.172
-1.63896,0.173
-1.65008,0.172
-1.6613,0.173
-1.67271,0.172
-1.68393,0.172
-1.69514,0.172
-1.70655,0.173
-1.71777,0.173
-1.72889,0.173
-1.7404,0.173
-1.75152,0.173
-1.76274,0.173
-1.77414,0.173
-1.78507,0.174
-1.796,0.174
-1.80722,0.174
-1.81805,0.175
-1.82927,0.175
-1.85113,0.176
-1.87318,0.176
-1.89523,0.177
-1.90616,0.177
-1.92831,0.179
-1.93943,0.179
-1.95036,0.18
-1.96129,0.18
-1.97241,0.181
-1.98334,0.181
-1.99456,0.183
-2.01632,0.184
-2.02754,0.185
-2.03847,0.186
-2.04959,0.187
-2.06052,0.187
-2.07145,0.188
-2.08267,0.189
-2.0935,0.19
-2.10472,0.191
-2.11565,0.192
-2.12677,0.193
-2.13799,0.194
-2.1492,0.195
-2.15841,0.196
-2.17183,0.197
-2.17672,0.199
-2.19283,0.201
-2.21708,0.202
-2.22849,0.203
-2.23971,0.204
-2.23587,0.206
-2.26233,0.207
-2.27374,0.209
-2.28276,0.21
-2.29647,0.211
-2.30759,0.213
-2.30787,0.215
-2.33021,0.216
-2.31526,0.218
-2.3398,0.22
-2.36406,0.221
-2.37547,0.224
-2.37364,0.226
-2.39819,0.228
-2.37882,0.23
-2.40768,0.232
-2.43193,0.234
-2.4303,0.237
-2.41966,0.238
-2.44641,0.244
-2.45974,0.247
-2.49301,0.25
-2.46252,0.247
-2.49521,0.253
-2.50394,0.252
-2.50614,0.249
-2.55417,0.246
-2.5629,0.244
-2.55849,0.241
-2.55197,0.239
-2.58466,0.236
-2.60863,0.234
-2.61084,0.232
-2.60863,0.23
-2.61956,0.228
-2.65235,0.225
-2.67411,0.222
-2.68504,0.22
-2.69597,0.219
-2.7068,0.217
-2.71773,0.215
-2.72866,0.214
-2.73959,0.211
-2.76136,0.209
-2.77229,0.208
-2.78322,0.207
-2.79415,0.206
-2.79626,0.205
-2.81591,0.203
-2.82684,0.202
-2.84889,0.2
-2.85982,0.2
-2.87104,0.198
-2.88628,0.198
-2.89088,0.196
-2.91495,0.195
-2.937,0.194
-2.94793,0.193
-2.95665,0.193
-2.96998,0.192
-2.98091,0.191
-2.98311,0.191
-3.00306,0.19
-3.01389,0.189
-3.02482,0.189
-3.03604,0.188
-3.04687,0.188
-3.0578,0.187
-3.06902,0.187
-3.07995,0.187
-3.09078,0.186
-3.102,0.186
-3.11293,0.186
-3.12386,0.185
-3.13498,0.185
-3.15684,0.185
-3.16796,0.184
-3.17889,0.184
-3.21273,0.184
-3.22414,0.184
-3.23564,0.184
-3.24705,0.184
-3.25856,0.184
-3.26968,0.184
-3.28118,0.184
-3.29259,0.184
-3.3041,0.184
-3.31551,0.184
-3.32701,0.184
-3.33813,0.185
-3.34964,0.185
-3.36105,0.185
-3.37255,0.185
-3.38396,0.185
-3.39547,0.186
-3.40688,0.186
-3.41809,0.187
-3.4295,0.187
-3.4366,0.187
-3.45242,0.188
-3.46392,0.188
-3.47533,0.189
-3.47993,0.189
-3.49796,0.189
-3.50946,0.19
-3.51435,0.19
-3.53237,0.191
-3.54378,0.192
-3.55529,0.192
-3.56612,0.194
-3.57734,0.195
-3.58856,0.195
-3.61089,0.196
-3.63323,0.198
-3.64474,0.2
-3.66679,0.201
-3.67801,0.202
-3.68913,0.202
-3.70035,0.203
-3.71147,0.204
-3.71856,0.206
-3.74473,0.208
-3.75595,0.209
-3.75183,0.21
-3.77829,0.211
-3.78951,0.212
-3.78318,0.214
-3.79008,0.215
-3.799,0.216
-3.83418,0.218
-3.8454,0.219
-3.86093,0.22
-3.86774,0.222
-3.87896,0.223
-3.89018,0.225
-3.87081,0.227
-3.89938,0.229
-3.91088,0.231
-3.92009,0.232
-3.9384,0.234
-3.92805,0.237
-3.93754,0.238
-3.96208,0.239
-3.96294,0.243
-3.96563,0.246
-3.98394,0.249
-3.99535,0.251
-3.99842,0.253
-4.00983,0.256
-4.02162,0.258
-4.05489,0.261
-4.04261,0.264
-4.06495,0.267
-4.07636,0.27
-4.09026,0.273
-4.08863,0.275
-4.09381,0.28
-4.12277,0.281
-4.13226,0.283
-4.12852,0.285
-4.15987,0.28
-4.16696,0.277
-4.16773,0.274
-4.201,0.271
-4.20618,0.269
-4.22199,0.267
-4.22717,0.265
-4.2452,0.26
-4.24385,0.258
-4.25939,0.257
-4.26869,0.255
-4.28201,0.253
-4.33273,0.251
-4.30052,0.25
-4.32698,0.248
-4.36245,0.246
-4.34117,0.245
-4.35018,0.245
-4.39658,0.208
-4.4077,0.238
-4.38642,0.239
-4.39792,0.238
-4.44183,0.237
-4.45324,0.236
-4.46475,0.235
-4.44759,0.234
-4.48737,0.233
-4.46801,0.232
-4.51,0.23
-4.52141,0.229
-4.51077,0.228
-4.52007,0.227
-4.55554,0.228
-4.56676,0.215
-4.58938,0.221
-4.62342,0.218
-4.63492,0.222
-4.64633,0.221
-4.63569,0.221
-4.64719,0.22
-4.66733,0.22
-4.67222,0.219
-4.70338,0.219
-4.70606,0.219
-4.72629,0.218
-4.7377,0.218
-4.74038,0.218
-4.76061,0.218
-4.77183,0.218
-4.76579,0.218
-4.79474,0.217
-4.80615,0.217
-4.81756,0.217
-4.81382,0.217
-4.84048,0.217
-4.85198,0.218
-4.86339,0.217
-4.85304,0.218
-4.8863,0.218
-4.89752,0.218
-4.90893,0.218
-4.90078,0.218
-4.90788,0.218
-4.94335,0.219
-4.95476,0.219
-4.96626,0.219
-4.97767,0.22
-4.98918,0.221
-5.00059,0.22
-5.01209,0.221
-4.99867,0.221
-5.03357,0.222
-5.03798,0.222
-5.05543,0.223
-5.04229,0.224
-5.05974,0.224
-5.06636,0.225
-5.09905,0.226
-5.09445,0.226
-5.12062,0.227
-5.114,0.228
-5.15331,0.229
-5.16424,0.229
-5.17517,0.231
-5.16827,0.233
-5.19013,0.234
-5.20758,0.234
-5.22944,0.235
-5.20758,0.236
-5.24027,0.237
-5.23816,0.238
-5.24468,0.239
-5.25753,0.241
-5.29453,0.242
-5.30546,0.243
-5.34909,0.232
-5.36002,0.227
-5.37123,0.222
-5.38264,0.216
-5.39386,0.212
-5.40527,0.208
-5.41649,0.204
-5.4279,0.2
-5.43911,0.196
-5.45052,0.193
-5.45982,0.189
-5.47324,0.186
-5.48465,0.183
-5.49587,0.18
-5.50728,0.178
-5.5185,0.175
-5.53432,0.172
-5.54572,0.17
-5.55694,0.167
-5.56835,0.163
-5.57957,0.161
-5.59098,0.159
-5.60219,0.157
-5.6136,0.155
-5.62482,0.153
-5.64773,0.15
-5.65895,0.149
-5.67036,0.147
-5.68158,0.146
-5.69299,0.144
-5.71561,0.143
-5.72712,0.142
-5.77045,0.145
-5.78138,0.144
-5.79231,0.143
-5.80315,0.142
-5.81407,0.141
-5.87956,0.136
-0.471699,0.136
-0.482916,0.136
-0.494134,0.137
-0.505255,0.138
-0.51676,0.137
-0.527881,0.139
-0.539098,0.14
-0.583776,0.143
-0.594993,0.143
-0.60621,0.145
-0.617331,0.145
-0.628549,0.146
-0.650887,0.141
-0.662104,0.141
-0.673226,0.142
-0.684443,0.142
-0.695948,0.143
-0.707069,0.144
-0.718574,0.145
-0.729983,0.147
-0.741488,0.148
-0.752609,0.149
-0.764114,0.15
-0.775523,0.151
-0.787028,0.152
-0.798437,0.154
-0.809654,0.155
-0.821063,0.156
-0.832568,0.158
-0.843977,0.159
-0.855194,0.16
-0.866603,0.164
-0.878108,0.165
-0.889517,0.167
-0.901022,0.169
-0.912143,0.17
-0.923648,0.172
-0.935057,0.174
-0.942152,0.176
-0.953369,0.178
-0.964778,0.18
-0.976283,0.182
-0.987692,0.184
-0.999197,0.186
-1.01032,0.188
-1.02182,0.191
-1.03323,0.192
-1.04474,0.193
-1.06708,0.196
-1.10034,0.21
-1.11588,0.208
-1.13141,0.207
-1.13601,0.207
-1.15566,0.203
-1.16467,0.201
-1.1781,0.2
-1.18893,0.198
-1.20015,0.197
-1.21137,0.196
-1.2222,0.195
-1.23342,0.194
-1.24463,0.192
-1.25547,0.191
-1.26668,0.19
-1.2779,0.189
-1.28874,0.188
-1.29995,0.187
-1.322,0.185
-1.33322,0.185
-1.34444,0.184
-1.35527,0.183
-1.36649,0.183
-1.37771,0.182
-1.38854,0.181
-1.39976,0.18
-1.41097,0.18
-1.42238,0.179
-1.43408,0.179
-1.44559,0.178
-1.45728,0.178
-1.46879,0.177
-1.48489,0.177
-1.49189,0.176
-1.50368,0.176
-1.51538,0.175
-1.52689,0.175
-1.53858,0.175
-1.54999,0.175
-1.56178,0.174
-1.57319,0.174
-1.58489,0.174
-1.59668,0.173
-1.60809,0.173
-1.61988,0.173
-1.63129,0.173
-1.64299,0.173
-1.65449,0.173
-1.66619,0.173
-1.68201,0.173
-1.68939,0.173
-1.70109,0.173
-1.71259,0.173
-1.72429,0.173
-1.7357,0.173
-1.7589,0.173
-1.7706,0.173
-1.78239,0.173
-1.79332,0.174
-1.80415,0.174
-1.81537,0.174
-1.8263,0.174
-1.83742,0.175
-1.84835,0.175
-1.85957,0.175
-1.8705,0.175
-1.89255,0.177
-1.90348,0.177
-1.9146,0.177
-1.92553,0.178
-1.93675,0.178
-1.9588,0.179
-1.98066,0.181
-1.99178,0.181
-2.00271,0.182
-2.01393,0.182
-2.02485,0.183
-2.03598,0.184
-2.05784,0.186
-2.06896,0.186
-2.07989,0.187
-2.0911,0.188
-2.10194,0.189
-2.11315,0.19
-2.12408,0.191
-2.1353,0.192
-2.14642,0.193
-2.15793,0.194
-2.17835,0.196
-2.19196,0.197
-2.20126,0.198
-2.21459,0.199
-2.22389,0.2
-2.22226,0.202
-2.24872,0.203
-2.26013,0.204
-2.2607,0.205
-2.2632,0.207
-2.29426,0.208
-2.30567,0.21
-2.31717,0.211
-2.31085,0.213
-2.3398,0.214
-2.35121,0.216
-2.36243,0.217
-2.35639,0.22
-2.38534,0.221
-2.3747,0.223
-2.40797,0.225
-2.39109,0.227
-2.40442,0.229
-2.42455,0.234
-2.42733,0.236
-2.46472,0.238
-2.44123,0.241
-2.4723,0.244
-2.46635,0.246
-2.47345,0.249
-2.52196,0.25
-2.55906,0.251
-2.56175,0.247
-2.56453,0.245
-2.57814,0.242
-2.61141,0.24
-2.60106,0.237
-2.64084,0.234
-2.64794,0.233
-2.63317,0.231
-2.67085,0.228
-2.65609,0.227
-2.69377,0.224
-2.68993,0.223
-2.71668,0.221
-2.72809,0.219
-2.73959,0.218
-2.72924,0.216
-2.76251,0.214
-2.77392,0.213
-2.77008,0.212
-2.77718,0.21
-2.793,0.209
-2.81974,0.208
-2.83125,0.206
-2.83614,0.204
-2.85407,0.203
-2.86557,0.202
-2.87487,0.201
-2.8928,0.2
-2.89989,0.199
-2.9114,0.198
-2.92281,0.197
-2.9346,0.195
-2.94601,0.195
-2.95751,0.194
-2.96892,0.193
-2.98033,0.192
-2.99213,0.192
-3.00353,0.191
-3.01504,0.191
-3.02645,0.19
-3.03795,0.19
-3.04965,0.189
-3.06106,0.188
-3.07256,0.188
-3.08397,0.188
-3.09548,0.187
-3.10689,0.187
-3.11868,0.186
-3.13009,0.186
-3.14159,0.186
-3.153,0.185
-3.16441,0.185
-3.1762,0.185
-3.18761,0.185
-3.19912,0.184
-3.21053,0.184
-3.22203,0.184
-3.23373,0.184
-3.24466,0.184
-3.25549,0.184
-3.26642,0.184
-3.27764,0.184
-3.28857,0.184
-3.2994,0.184
-3.32155,0.184
-3.33248,0.184
-3.34331,0.184
-3.35424,0.185
-3.36546,0.185
-3.37639,0.185
-3.38722,0.185
-3.39815,0.186
-3.40937,0.186
-3.4203,0.186
-3.43113,0.187
-3.44206,0.187
-3.45328,0.187
-3.46411,0.188
-3.47504,0.188
-3.48597,0.188
-3.49719,0.189
-3.51895,0.19
-3.52988,0.191
-3.5411,0.191
-3.55193,0.192
-3.56286,0.192
-3.57379,0.193
-3.58501,0.193
-3.59891,0.195
-3.61876,0.196
-3.63026,0.196
-3.65528,0.199
-3.67551,0.199
-3.68673,0.2
-3.69814,0.201
-3.70936,0.202
-3.72077,0.203
-3.73198,0.204
-3.74339,0.205
-3.75461,0.206
-3.76602,0.207
-3.76659,0.208
-3.78864,0.21
-3.80015,0.211
-3.81127,0.212
-3.80092,0.214
-3.81213,0.215
-3.8454,0.215
-3.85441,0.216
-3.86803,0.219
-3.87484,0.22
-3.89065,0.221
-3.90187,0.223
-3.8849,0.225
-3.90705,0.226
-3.93591,0.229
-3.94089,0.23
-3.95834,0.233
-3.96515,0.235
-3.95671,0.237
-3.9918,0.239
-3.97253,0.241
-3.99017,0.243
-4.00139,0.245
-4.03657,0.247
-4.02814,0.25
-4.03053,0.252
-4.03082,0.254
-4.05297,0.257
-4.05537,0.26
-4.06006,0.263
-4.08432,0.265
-4.08461,0.268
-4.10014,0.271
-4.10474,0.274
-4.12679,0.277
-4.16505,0.282
-4.17837,0.279
-4.18297,0.276
-4.19199,0.272
-4.20752,0.271
-4.21653,0.268
-4.24079,0.266
-4.24769,0.264
-4.26322,0.261
-4.27003,0.259
-4.27463,0.257
-4.29457,0.256
-4.30138,0.254
-4.32343,0.251
-4.32592,0.25
-4.33273,0.249
-4.35047,0.247
-4.38124,0.245
-4.38805,0.205
-4.39495,0.235
-4.41288,0.239
-4.44183,0.237
-4.438,0.235
-4.45573,0.234
-4.47347,0.233
-4.50645,0.232
-4.4915,0.231
-4.51575,0.23
-4.52687,0.229
-4.52524,0.228
-4.56263,0.227
-4.54547,0.227
-4.561,0.229
-4.58747,0.216
-4.61853,0.224
-4.62975,0.212
-4.63243,0.221
-4.66349,0.221
-4.65918,0.221
-4.6657,0.22
-4.69657,0.22
-4.70088,0.22
-4.70769,0.219
-4.72955,0.218
-4.74038,0.219
-4.7516,0.218
-4.76033,0.218
-4.77375,0.217
-4.78247,0.217
-4.79551,0.217
-4.78928,0.217
-4.81756,0.217
-4.82878,0.217
-4.81354,0.217
-4.83098,0.217
-4.84872,0.218
-4.87269,0.218
-4.88391,0.218
-4.90567,0.218
-4.89071,0.218
-4.92782,0.218
-4.93894,0.218
-4.94987,0.218
-4.9608,0.218
-4.97192,0.219
-4.97412,0.219
-4.98534,0.22
-4.98534,0.22
-5.02705,0.22
-5.03798,0.221
-5.0491,0.221
-5.05571,0.223
-5.07096,0.223
-5.0538,0.224
-5.07997,0.223
-5.10423,0.224
-5.11515,0.225
-5.10854,0.225
-5.10672,0.226
-5.12848,0.228
-5.18112,0.229
-5.16827,0.23
-5.17268,0.231
-5.19473,0.233
-5.23624,0.233
-5.25149,0.234
-5.25829,0.235
-5.23864,0.237
-5.2651,0.237
-5.2629,0.239
-5.27383,0.24
-5.28063,0.241
-5.32426,0.243
-5.33519,0.244
-5.31582,0.244
-5.34228,0.236
-5.37967,0.23
-5.39108,0.225
-5.37641,0.219
-5.41399,0.214
-5.4255,0.21
-5.43691,0.206
-5.44812,0.202
-5.45953,0.198
-5.46011,0.195
-5.48245,0.191
-5.49395,0.188
-5.50536,0.184
-5.52089,0.182
-5.52799,0.179
-5.53949,0.176
-5.5509,0.173
-5.56672,0.17
-5.57823,0.168
-5.58963,0.164
-5.60085,0.162
-5.61226,0.16
-5.62377,0.158
-5.63517,0.156
-5.64668,0.154
-5.65809,0.153
-5.66931,0.151
-5.68071,0.149
-5.69222,0.148
-5.70363,0.146
-5.72654,0.144
-5.73795,0.143
-5.74859,0.142
-5.75952,0.142
-5.80315,0.145
-5.81407,0.144
-5.825,0.143
-5.83565,0.142
-5.84658,0.14
-5.85741,0.14
-5.86834,0.139
-5.8902,0.138
-5.91196,0.136
-0.499311,0.136
-0.510432,0.137
-0.521649,0.138
-0.544276,0.139
-0.555493,0.14
-0.566614,0.14
-0.577831,0.141
-0.58924,0.142
-0.600458,0.143
-0.611675,0.144
-0.622796,0.144
-0.634013,0.145
-0.645422,0.145
-0.65664,0.146
-0.667857,0.141
-0.678978,0.141
-0.690483,0.142
-0.701892,0.142
-0.713589,0.143
-0.725381,0.144
-0.73679,0.145
-0.748583,0.146
-0.760279,0.147
-0.771688,0.148
-0.783481,0.15
-0.795177,0.151
-0.806586,0.152
-0.818379,0.155
-0.830075,0.156
-0.841484,0.157
-0.853277,0.159
-0.864973,0.161
-0.87667,0.162
-0.888175,0.163
-0.899871,0.165
-0.911568,0.166
-0.923073,0.168
-0.93477,0.17
-0.946562,0.172
-0.953657,0.174
-0.965353,0.176
-0.97705,0.178
-0.988555,0.179
-1.00025,0.182
-1.01195,0.184
-1.02345,0.186
-1.03515,0.191
-1.04685,0.192
-1.05423,0.194
-1.06947,0.194
-1.08069,0.195
-1.12489,0.21
-1.13601,0.209
-1.14723,0.208
-1.15816,0.208
-1.17369,0.204
-1.18021,0.202
-1.19142,0.2
-1.19823,0.199
-1.21347,0.198
-1.22469,0.196
-1.24674,0.194
-1.25796,0.193
-1.26889,0.192
-1.28001,0.191
-1.29123,0.19
-1.30216,0.189
-1.31328,0.188
-1.3245,0.187
-1.33543,0.186
-1.34655,0.185
-1.35748,0.184
-1.36869,0.184
-1.37982,0.183
-1.39075,0.182
-1.40196,0.182
-1.4243,0.18
-1.43581,0.18
-1.44721,0.179
-1.45862,0.179
-1.46984,0.178
-1.48135,0.178
-1.49276,0.177
-1.50416,0.177
-1.51567,0.176
-1.52689,0.176
-1.5383,0.176
-1.5497,0.175
-1.56121,0.175
-1.57243,0.175
-1.58384,0.175
-1.59534,0.174
-1.60675,0.174
-1.61816,0.174
-1.62938,0.174
-1.64088,0.173
-1.65229,0.173
-1.6637,0.173
-1.68642,0.173
-1.69783,0.173
-1.70924,0.173
-1.72074,0.173
-1.73196,0.173
-1.74337,0.173
-1.75487,0.173
-1.76628,0.173
-1.77769,0.173
-1.78833,0.173
-1.79926,0.173
-1.83196,0.174
-1.84289,0.175
-1.85382,0.175
-1.88651,0.176
-1.90837,0.177
-1.9193,0.177
-1.93013,0.178
-1.94106,0.178
-1.95199,0.179
-1.97385,0.18
-1.98468,0.18
-1.99561,0.181
-2.01747,0.182
-2.02831,0.183
-2.05017,0.184
-2.06109,0.185
-2.07202,0.186
-2.08286,0.186
-2.09379,0.187
-2.11565,0.189
-2.12648,0.19
-2.13741,0.191
-2.14863,0.192
-2.15764,0.193
-2.17097,0.194
-2.1933,0.196
-2.21574,0.198
-2.22657,0.2
-2.22686,0.201
-2.26013,0.203
-2.27135,0.204
-2.27374,0.205
-2.29368,0.207
-2.3049,0.209
-2.31583,0.21
-2.32695,0.211
-2.33817,0.213
-2.36051,0.216
-2.37173,0.218
-2.36319,0.22
-2.39406,0.221
-2.40499,0.224
-2.41612,0.225
-2.40116,0.227
-2.43855,0.229
-2.43002,0.231
-2.46089,0.233
-2.44373,0.236
-2.45926,0.239
-2.48351,0.241
-2.47508,0.244
-2.4909,0.246
-2.49329,0.249
-2.51573,0.251
-2.5582,0.253
-2.57402,0.251
-2.5721,0.247
-2.57268,0.245
-2.59473,0.242
-2.6302,0.237
-2.64142,0.234
-2.62014,0.233
-2.66405,0.231
-2.67526,0.229
-2.6627,0.227
-2.68044,0.225
-2.7093,0.223
-2.72051,0.221
-2.73192,0.22
-2.75455,0.216
-2.76577,0.214
-2.77718,0.213
-2.78839,0.212
-2.7998,0.21
-2.81102,0.209
-2.82252,0.208
-2.83144,0.207
-2.84515,0.205
-2.85598,0.204
-2.85388,0.203
-2.87784,0.202
-2.88906,0.201
-2.91082,0.199
-2.92175,0.198
-2.94381,0.196
-2.95473,0.196
-2.96566,0.195
-2.97679,0.194
-2.98772,0.193
-2.99864,0.193
-3.00957,0.191
-3.0207,0.192
-3.03163,0.191
-3.04256,0.19
-3.05348,0.19
-3.06461,0.189
-3.07554,0.188
-3.08647,0.188
-3.10852,0.187
-3.11945,0.186
-3.13038,0.186
-3.14131,0.186
-3.15243,0.186
-3.16336,0.186
-3.17429,0.185
-3.18522,0.185
-3.19634,0.185
-3.20727,0.185
-3.2182,0.184
-3.22913,0.184
-3.25089,0.184
-3.26182,0.184
-3.27275,0.184
-3.28387,0.184
-3.2948,0.184
-3.30573,0.184
-3.31666,0.184
-3.32749,0.184
-3.33622,0.184
-3.34935,0.184
-3.36028,0.185
-3.3714,0.185
-3.38233,0.185
-3.39326,0.185
-3.40419,0.185
-3.41502,0.186
-3.42595,0.186
-3.43688,0.186
-3.44781,0.186
-3.45893,0.187
-3.46986,0.187
-3.48079,0.188
-3.49172,0.188
-3.50265,0.188
-3.51349,0.189
-3.52442,0.189
-3.54656,0.19
-3.5574,0.191
-3.56861,0.191
-3.57983,0.192
-3.59095,0.193
-3.60217,0.193
-3.61329,0.194
-3.63573,0.195
-3.64685,0.196
-3.65806,0.197
-3.66928,0.198
-3.6804,0.199
-3.69162,0.199
-3.70274,0.2
-3.71396,0.201
-3.72518,0.202
-3.7363,0.203
-3.74752,0.204
-3.75864,0.205
-3.76985,0.206
-3.78107,0.207
-3.79219,0.208
-3.80341,0.209
-3.81463,0.21
-3.80609,0.212
-3.83697,0.213
-3.84809,0.214
-3.8593,0.215
-3.85959,0.217
-3.88164,0.218
-3.89286,0.219
-3.88442,0.221
-3.89363,0.225
-3.90513,0.226
-3.9384,0.227
-3.92584,0.229
-3.96131,0.231
-3.97272,0.233
-3.98423,0.235
-3.99353,0.237
-3.97656,0.239
-4.01855,0.241
-4.00628,0.243
-4.00465,0.245
-4.01615,0.247
-4.02756,0.25
-4.0499,0.251
-4.07444,0.254
-4.06198,0.257
-4.07119,0.259
-4.087,0.262
-4.08758,0.265
-4.12085,0.267
-4.12382,0.27
-4.13532,0.276
-4.13369,0.28
-4.17895,0.285
-4.18815,0.267
-4.20397,0.276
-4.20234,0.273
-4.21385,0.271
-4.22775,0.268
-4.23647,0.266
-4.25833,0.263
-4.26293,0.261
-4.27597,0.259
-4.2847,0.257
-4.29591,0.255
-4.30905,0.254
-4.32861,0.251
-4.3311,0.25
-4.34634,0.249
-4.36379,0.247
-4.39025,0.245
-4.41432,0.244
-4.41432,0.206
-4.43637,0.207
-4.41892,0.239
-4.46283,0.236
-4.50233,0.234
-4.51326,0.233
-4.4936,0.232
-4.53531,0.23
-4.52879,0.23
-4.54403,0.229
-4.56839,0.228
-4.57922,0.227
-4.59015,0.226
-4.60137,0.228
-4.6123,0.215
-4.60846,0.222
-4.62831,0.22
-4.66848,0.218
-4.66244,0.221
-4.6911,0.221
-4.70223,0.22
-4.68967,0.22
-4.72485,0.219
-4.73636,0.219
-4.74748,0.219
-4.7587,0.218
-4.7702,0.218
-4.76608,0.218
-4.79283,0.218
-4.80395,0.217
-4.81517,0.217
-4.82657,0.217
-4.83779,0.217
-4.83396,0.217
-4.86042,0.217
-4.8563,0.217
-4.86128,0.217
-4.89426,0.217
-4.88602,0.218
-4.91689,0.218
-4.91928,0.218
-4.93951,0.217
-4.95073,0.218
-4.93817,0.218
-4.97336,0.218
-4.98477,0.218
-5.00001,0.219
-5.00691,0.219
-5.01775,0.219
-5.02896,0.22
-5.04018,0.22
-5.03798,0.221
-5.04699,0.221
-5.06473,0.221
-5.10643,0.224
-5.11755,0.224
-5.12656,0.225
-5.1397,0.225
-5.12033,0.226
-5.16204,0.226
-5.1885,0.228
-5.19502,0.228
-5.18879,0.229
-5.18687,0.23
-5.22829,0.231
-5.21112,0.232
-5.25062,0.233
-5.25062,0.234
-5.24008,0.235
-5.2837,0.236
-5.26865,0.237
-5.28639,0.238
-5.31697,0.239
-5.32809,0.24
-5.34362,0.242
-5.35072,0.243
-5.34506,0.24
-5.36088,0.247
-5.34861,0.243
-5.39741,0.233
-5.40882,0.227
-5.42061,0.222
-5.42579,0.217
-5.43719,0.208
-5.45551,0.203
-5.4672,0.2
-5.47861,0.195
-5.4904,0.193
-5.5021,0.19
-5.51351,0.186
-5.5253,0.183
-5.537,0.18
-5.5485,0.178
-5.5602,0.175
-5.5719,0.172
-5.58772,0.169
-5.59941,0.167
-5.61121,0.165
-5.62261,0.163
-5.63441,0.161
-5.6461,0.159
-5.65751,0.155
-5.66931,0.154
-5.681,0.152
-5.69241,0.15
-5.7042,0.149
-5.7159,0.147
-5.72654,0.146
-5.74811,0.143
-5.75895,0.143
-5.76959,0.142
-5.78052,0.142
-5.79116,0.141
-5.80209,0.141
-5.82366,0.144
-5.8345,0.143
-5.84514,0.142
-5.85607,0.142
-5.87764,0.14
-5.91004,0.137
-0.500653,0.136
-0.523279,0.137
-0.534496,0.137
-0.545618,0.138
-0.556835,0.14
-0.567956,0.14
-0.579461,0.141
-0.590678,0.142
-0.6018,0.142
-0.613017,0.143
-0.624138,0.143
-0.635643,0.145
-0.646861,0.145
-0.657982,0.147
-0.669199,0.145
-0.68032,0.147
-0.691825,0.141
-0.703234,0.142
-0.715027,0.143
-0.726436,0.143
-0.738132,0.144
-0.749637,0.145
-0.761334,0.147
-0.772839,0.148
-0.784535,0.149
-0.796232,0.15
-0.807737,0.152
-0.819433,0.154
-0.830938,0.155
-0.842635,0.156
-0.854044,0.158
-0.865836,0.159
-0.877533,0.161
-0.888942,0.162
-0.900734,0.164
-0.912143,0.165
-0.92384,0.167
-0.935345,0.169
-0.947041,0.171
-0.954136,0.172
-0.965929,0.174
-0.977625,0.176
-0.989034,0.178
-1.00083,0.18
-1.03544,0.189
-1.04713,0.191
-1.05883,0.192
-1.06976,0.194
-1.08069,0.194
-1.12489,0.21
-1.13601,0.21
-1.14694,0.208
-1.15816,0.208
-1.18021,0.203
-1.17589,0.202
-1.21319,0.199
-1.21347,0.197
-1.23533,0.196
-1.23533,0.195
-1.26831,0.193
-1.27953,0.191
-1.29037,0.191
-1.30158,0.19
-1.31251,0.189
-1.32363,0.188
-1.33456,0.187
-1.34578,0.186
-1.35671,0.185
-1.37876,0.183
-1.38998,0.183
-1.40081,0.182
-1.41203,0.182
-1.42296,0.18
-1.43408,0.18
-1.45651,0.179
-1.46764,0.178
-1.47885,0.178
-1.50119,0.177
-1.51241,0.177
-1.52353,0.177
-1.53446,0.176
-1.54568,0.176
-1.5568,0.175
-1.57923,0.175
-1.59035,0.175
-1.60157,0.174
-1.61279,0.174
-1.62391,0.174
-1.63513,0.174
-1.64625,0.173
-1.65718,0.173
-1.6684,0.173
-1.67952,0.173
-1.69073,0.173
-1.70195,0.173
-1.71307,0.173
-1.72429,0.173
-1.73551,0.173
-1.74663,0.173
-1.75785,0.173
-1.76897,0.173
-1.78018,0.173
-1.7914,0.173
-1.80252,0.173
-1.81374,0.174
-1.82496,0.174
-1.83608,0.174
-1.84758,0.174
-1.86992,0.175
-1.88104,0.175
-1.89226,0.176
-1.90348,0.176
-1.91489,0.177
-1.9261,0.177
-1.93723,0.178
-1.94844,0.178
-1.95966,0.179
-1.97078,0.179
-1.982,0.18
-1.99341,0.18
-2.00463,0.181
-2.01584,0.181
-2.02696,0.182
-2.03818,0.183
-2.0586,0.184
-2.07202,0.185
-2.08315,0.186
-2.09436,0.187
-2.10548,0.188
-2.1167,0.189
-2.12821,0.189
-2.13089,0.19
-2.15102,0.191
-2.16253,0.192
-2.17394,0.193
-2.18544,0.194
-2.19685,0.195
-2.20836,0.197
-2.21977,0.197
-2.23127,0.199
-2.24268,0.2
-2.25447,0.201
-2.26588,0.202
-2.27729,0.203
-2.2888,0.204
-2.3002,0.206
-2.31171,0.207
-2.31228,0.209
-2.31497,0.21
-2.34603,0.214
-2.35754,0.215
-2.36895,0.217
-2.35888,0.219
-2.39215,0.22
-2.40356,0.221
-2.41506,0.224
-2.4025,0.226
-2.42484,0.228
-2.42101,0.23
-2.4281,0.233
-2.4723,0.234
-2.47719,0.237
-2.47805,0.239
-2.47201,0.242
-2.5187,0.244
-2.49742,0.247
-2.51132,0.25
-2.51621,0.249
-2.54545,0.251
-2.56127,0.253
-2.55331,0.25
-2.57814,0.247
-2.60921,0.244
-2.60345,0.242
-2.62148,0.239
-2.6441,0.237
-2.63375,0.234
-2.64986,0.232
-2.68121,0.23
-2.67085,0.228
-2.67382,0.226
-2.68964,0.224
-2.72761,0.222
-2.72598,0.221
-2.72454,0.219
-2.76222,0.217
-2.7674,0.216
-2.78571,0.214
-2.79712,0.213
-2.80881,0.211
-2.82032,0.209
-2.83202,0.207
-2.82818,0.206
-2.85522,0.205
-2.84947,0.204
-2.87784,0.203
-2.88877,0.201
-2.92175,0.199
-2.94381,0.197
-2.96595,0.195
-2.98772,0.194
-2.99893,0.193
-3.00986,0.192
-3.01197,0.192
-3.03191,0.191
-3.04284,0.191
-3.05377,0.19
-3.07582,0.189
-3.08675,0.188
-3.09787,0.188
-3.1088,0.188
-3.11973,0.187
-3.13095,0.187
-3.14178,0.186
-3.16393,0.186
-3.17486,0.185
-3.18569,0.185
-3.19691,0.185
-3.20784,0.185
-3.21896,0.184
-3.22989,0.184
-3.24082,0.184
-3.25175,0.184
-3.26259,0.184
-3.27352,0.184
-3.28444,0.184
-3.29537,0.184
-3.3065,0.184
-3.31743,0.184
-3.33928,0.184
-3.35021,0.184
-3.36105,0.184
-3.37198,0.184
-3.39403,0.185
-3.40496,0.185
-3.41589,0.185
-3.42682,0.186
-3.43775,0.186
-3.44858,0.186
-3.45951,0.187
-3.47044,0.187
-3.48166,0.187
-3.49249,0.188
-3.51435,0.188
-3.52528,0.189
-3.52739,0.189
-3.54704,0.19
-3.55797,0.191
-3.56919,0.191
-3.58002,0.192
-3.59124,0.192
-3.60217,0.193
-3.61329,0.193
-3.62422,0.194
-3.63544,0.194
-3.66871,0.197
-3.68203,0.199
-3.70198,0.2
-3.7129,0.201
-3.72403,0.202
-3.73524,0.204
-3.75729,0.204
-3.75298,0.205
-3.77072,0.206
-3.79027,0.208
-3.80149,0.209
-3.81271,0.21
-3.83476,0.212
-3.82824,0.214
-3.85681,0.215
-3.86803,0.216
-3.87896,0.217
-3.89018,0.219
-3.87704,0.22
-3.91223,0.222
-3.9081,0.224
-3.92392,0.225
-3.9245,0.227
-3.95777,0.228
-3.96486,0.23
-3.94818,0.232
-3.99238,0.234
-4.00388,0.236
-3.98039,0.237
-4.01366,0.239
-4.03849,0.242
-4.03245,0.244
-4.04175,0.245
-4.05105,0.248
-4.04971,0.251
-4.06112,0.253
-4.08125,0.258
-4.10369,0.26
-4.10858,0.263
-4.09851,0.266
-4.13178,0.269
-4.12574,0.272
-4.14597,0.275
-4.15546,0.278
-4.15383,0.281
-4.17185,0.279
-4.17243,0.287
-4.19256,0.28
-4.19994,0.277
-4.22228,0.274
-4.24251,0.271
-4.23427,0.269
-4.25258,0.267
-4.26159,0.264
-4.28364,0.262
-4.30598,0.26
-4.29534,0.258
-4.31087,0.256
-4.34634,0.252
-4.33359,0.251
-4.36216,0.249
-4.39332,0.248
-4.40013,0.246
-4.3916,0.245
-4.41182,0.245
-4.43829,0.205
-4.44941,0.237
-4.42822,0.239
-4.44806,0.24
-4.48325,0.237
-4.49476,0.236
-4.50588,0.235
-4.51709,0.233
-4.51105,0.232
-4.51786,0.231
-4.52687,0.23
-4.53397,0.229
-4.57356,0.228
-4.58469,0.227
-4.58306,0.227
-4.60731,0.227
-4.59456,0.218
-4.61939,0.221
-4.65266,0.224
-4.66378,0.211
-4.68641,0.22
-4.69762,0.221
-4.70884,0.22
-4.69628,0.219
-4.73147,0.219
-4.73166,0.219
-4.75409,0.218
-4.7609,0.218
-4.75678,0.218
-4.77912,0.218
-4.79906,0.217
-4.81028,0.218
-4.81076,0.217
-4.81756,0.217
-4.8375,0.217
-4.84028,0.217
-4.85141,0.217
-4.87787,0.217
-4.88937,0.217
-4.88745,0.217
-4.91171,0.217
-4.92312,0.217
-4.91909,0.217
-4.94555,0.217
-4.93299,0.218
-4.96818,0.218
-4.95965,0.218
-4.99081,0.218
-5.00193,0.219
-5.01343,0.219
-5.0003,0.219
-5.01775,0.22
-5.0352,0.22
-5.03088,0.22
-5.06827,0.221
-5.07911,0.222
-5.09004,0.222
-5.08352,0.223
-5.10125,0.224
-5.1165,0.225
-5.15581,0.226
-5.14948,0.226
-5.14948,0.227
-5.18879,0.227
-5.19972,0.228
-5.18438,0.229
-5.21736,0.232
-5.25446,0.233
-5.24382,0.234
-5.27661,0.235
-5.30278,0.237
-5.28965,0.238
-5.30086,0.238
-5.32704,0.24
-5.30738,0.242
-5.37584,0.245
-5.37689,0.236
-5.41016,0.229
-5.39549,0.224
-5.42435,0.219
-5.42713,0.214
-5.45599,0.209
-5.46749,0.205
-5.4789,0.201
-5.4904,0.198
-5.50181,0.194
-5.51332,0.191
-5.52473,0.187
-5.53623,0.184
-5.54764,0.181
-5.55915,0.178
-5.57056,0.176
-5.58196,0.173
-5.59778,0.17
-5.60929,0.168
-5.6207,0.166
-5.6322,0.162
-5.64361,0.16
-5.65512,0.158
-5.66653,0.156
-5.67803,0.154
-5.68944,0.152
-5.70094,0.151
-5.71235,0.149
-5.72386,0.148
-5.73555,0.146
-5.74648,0.145
-5.75761,0.144
-5.76853,0.143
-5.77975,0.142
-5.81302,0.147
-5.82414,0.146
-5.83507,0.144
-5.84629,0.143
-5.85741,0.142
-5.86834,0.141
-5.87956,0.14
-5.90161,0.137
-5.91282,0.138
-5.92395,0.136
-5.93488,0.136
-0.493271,0.136
-0.504488,0.136
-0.515609,0.136
-0.526827,0.137
-0.538044,0.137
-0.549165,0.139
-0.560382,0.14
-0.571504,0.14
-0.582721,0.14
-0.593938,0.142
-0.60506,0.142
-0.616277,0.143
-0.627494,0.144
-0.638615,0.145
-0.649833,0.145
-0.660954,0.147
-0.672171,0.147
-0.69451,0.149
-0.706015,0.142
-0.717424,0.143
-0.729216,0.144
-0.740625,0.145
-0.752322,0.146
-0.763827,0.147
-0.775523,0.148
-0.787028,0.149
-0.798437,0.15
-0.810134,0.151
-0.821638,0.153
-0.833335,0.154
-0.84484,0.155
-0.856537,0.157
-0.867946,0.158
-0.879738,0.16
-0.891147,0.161
-0.902652,0.163
-0.914348,0.166
-0.925757,0.168
-0.93755,0.169
-0.948959,0.171
-0.956341,0.173
-0.96775,0.175
-0.979255,0.176
-0.990952,0.178
-1.00246,0.18
-1.01415,0.183
-1.02556,0.185
-1.03735,0.187
-1.04656,0.19
-1.05615,0.192
-1.07168,0.192
-1.08318,0.194
-1.0943,0.195
-1.10581,0.197
-1.15135,0.209
-1.14502,0.208
-1.17397,0.208
-1.1851,0.205
-1.1966,0.202
-1.20801,0.201
-1.21923,0.2
-1.23064,0.199
-1.24214,0.197
-1.25336,0.196
-1.26918,0.195
-1.27598,0.193
-1.28739,0.192
-1.2989,0.191
-1.31002,0.19
-1.32152,0.189
-1.33293,0.188
-1.34415,0.186
-1.35556,0.185
-1.36678,0.185
-1.37819,0.183
-1.38969,0.183
-1.40081,0.182
-1.41232,0.181
-1.42373,0.181
-1.44559,0.18
-1.4568,0.179
-1.46764,0.178
-1.47857,0.178
-1.48978,0.178
-1.50062,0.177
-1.51183,0.176
-1.52276,0.176
-1.53369,0.176
-1.54481,0.176
-1.5778,0.175
-1.58872,0.174
-1.59994,0.174
-1.61087,0.174
-1.62171,0.174
-1.63292,0.174
-1.64385,0.173
-1.65478,0.173
-1.6659,0.173
-1.67683,0.173
-1.68805,0.173
-1.69888,0.173
-1.70981,0.173
-1.72103,0.173
-1.73196,0.173
-1.74279,0.173
-1.76494,0.173
-1.77606,0.173
-1.78699,0.173
-1.79821,0.173
-1.80914,0.173
-1.82026,0.174
-1.83119,0.174
-1.84241,0.174
-1.85324,0.174
-1.87539,0.175
-1.88651,0.175
-1.90866,0.176
-1.91959,0.177
-1.93071,0.177
-1.94164,0.177
-1.95285,0.178
-1.96397,0.178
-1.9749,0.179
-1.98612,0.179
-1.99696,0.18
-2.00817,0.181
-2.0191,0.181
-2.03022,0.182
-2.04115,0.183
-2.0633,0.184
-2.07442,0.185
-2.08535,0.186
-2.09657,0.187
-2.1074,0.187
-2.11862,0.188
-2.12984,0.189
-2.15218,0.191
-2.1633,0.192
-2.1748,0.193
-2.18602,0.194
-2.19714,0.195
-2.20836,0.196
-2.21977,0.197
-2.23098,0.198
-2.25332,0.201
-2.26483,0.202
-2.27595,0.203
-2.28717,0.205
-2.29829,0.206
-2.30979,0.207
-2.32101,0.208
-2.33213,0.21
-2.34335,0.211
-2.35476,0.213
-2.36597,0.215
-2.37719,0.216
-2.38831,0.218
-2.39982,0.219
-2.41094,0.221
-2.4003,0.224
-2.40931,0.225
-2.42954,0.227
-2.456,0.229
-2.44967,0.232
-2.47182,0.234
-2.45926,0.236
-2.47939,0.239
-2.50422,0.244
-2.52445,0.246
-2.53615,0.249
-2.51918,0.248
-2.57162,0.253
-2.56338,0.25
-2.56855,0.247
-2.5953,0.245
-2.60048,0.242
-2.6163,0.239
-2.63893,0.237
-2.66347,0.234
-2.67085,0.232
-2.68696,0.23
-2.69837,0.228
-2.71016,0.226
-2.72157,0.224
-2.73327,0.223
-2.72512,0.221
-2.75647,0.219
-2.76797,0.216
-2.77967,0.214
-2.79108,0.213
-2.80287,0.211
-2.81428,0.21
-2.82598,0.209
-2.83748,0.207
-2.84918,0.206
-2.86097,0.205
-2.87209,0.204
-2.8836,0.203
-2.89472,0.202
-2.90622,0.201
-2.91734,0.2
-2.92885,0.199
-2.93997,0.198
-2.95147,0.197
-2.96269,0.196
-2.9741,0.195
-2.98532,0.195
-2.99673,0.194
-3.00794,0.193
-3.01935,0.192
-3.03057,0.191
-3.04198,0.191
-3.08723,0.188
-3.09874,0.188
-3.10995,0.187
-3.12136,0.187
-3.13258,0.187
-3.14399,0.186
-3.16662,0.186
-3.17783,0.185
-3.18924,0.185
-3.20046,0.185
-3.21187,0.184
-3.22337,0.184
-3.2343,0.184
-3.24542,0.184
-3.25635,0.184
-3.26757,0.184
-3.2784,0.184
-3.28962,0.184
-3.30055,0.184
-3.31167,0.184
-3.3226,0.184
-3.34475,0.184
-3.35587,0.184
-3.37802,0.184
-3.40007,0.185
-3.411,0.185
-3.42212,0.185
-3.44427,0.186
-3.4552,0.186
-3.46632,0.187
-3.47725,0.187
-3.48846,0.187
-3.4993,0.188
-3.51052,0.188
-3.52144,0.189
-3.53257,0.189
-3.54791,0.189
-3.55471,0.19
-3.56564,0.19
-3.57676,0.191
-3.58769,0.192
-3.59862,0.193
-3.60974,0.193
-3.62067,0.194
-3.63189,0.195
-3.64282,0.195
-3.68692,0.198
-3.69785,0.198
-3.70878,0.2
-3.72,0.201
-3.73083,0.202
-3.74205,0.202
-3.76391,0.204
-3.77503,0.205
-3.78596,0.206
-3.79718,0.207
-3.80801,0.209
-3.8083,0.212
-3.85221,0.213
-3.86314,0.214
-3.87407,0.216
-3.88519,0.218
-3.89612,0.22
-3.90734,0.22
-3.90945,0.222
-3.91414,0.223
-3.94089,0.225
-3.9523,0.227
-3.96812,0.229
-3.94684,0.231
-3.96726,0.232
-3.99842,0.234
-3.99238,0.235
-3.99516,0.237
-4.03274,0.239
-4.01395,0.242
-4.02325,0.244
-4.02814,0.246
-4.07885,0.248
-4.06006,0.251
-4.07588,0.253
-4.07636,0.258
-4.09218,0.26
-4.09707,0.263
-4.10225,0.267
-4.12248,0.269
-4.12516,0.272
-4.14098,0.275
-4.15057,0.279
-4.15766,0.28
-4.17128,0.281
-4.1871,0.286
-4.19199,0.279
-4.20589,0.276
-4.22171,0.274
-4.24846,0.271
-4.24683,0.269
-4.25421,0.267
-4.28498,0.264
-4.28748,0.262
-4.30301,0.259
-4.30109,0.257
-4.33215,0.255
-4.32372,0.253
-4.33925,0.25
-4.36791,0.249
-4.38997,0.247
-4.41451,0.246
-4.39083,0.245
-4.44375,0.205
-4.43551,0.239
-4.4775,0.237
-4.47999,0.236
-4.46714,0.235
-4.51134,0.234
-4.52256,0.233
-4.53368,0.232
-4.5449,0.232
-4.53013,0.23
-4.56752,0.228
-4.57874,0.227
-4.58986,0.227
-4.58584,0.226
-4.61249,0.228
-4.62371,0.216
-4.64604,0.221
-4.65755,0.219
-4.69187,0.221
-4.68804,0.22
-4.71479,0.22
-4.70664,0.219
-4.72246,0.219
-4.73856,0.219
-4.74777,0.218
-4.74834,0.218
-4.78161,0.218
-4.79522,0.218
-4.80673,0.217
-4.79417,0.217
-4.82964,0.217
-4.8282,0.217
-4.83098,0.217
-4.86425,0.217
-4.86694,0.217
-4.88717,0.217
-4.89858,0.217
-4.91008,0.217
-4.92149,0.217
-4.93328,0.217
-4.94469,0.217
-4.9561,0.217
-4.95236,0.218
-4.97029,0.218
-4.99052,0.218
-5.00193,0.218
-5.0025,0.219
-5.02513,0.219
-5.02542,0.219
-5.03251,0.22
-5.04613,0.22
-5.07067,0.221
-5.08189,0.221
-5.09109,0.222
-5.1048,0.223
-5.11621,0.223
-5.09905,0.223
-5.13884,0.224
-5.15034,0.225
-5.16175,0.226
-5.1489,0.226
-5.18438,0.227
-5.17182,0.228
-5.18553,0.229
-5.19885,0.23
-5.2234,0.23
-5.21525,0.231
-5.2419,0.232
-5.23346,0.234
-5.26894,0.234
-5.29837,0.236
-5.279,0.236
-5.30144,0.238
-5.30633,0.239
-5.31994,0.24
-5.32675,0.242
-5.33825,0.244
-5.34314,0.242
-5.36107,0.248
-5.38159,0.231
-5.42329,0.226
-5.41073,0.22
-5.44592,0.215
-5.44429,0.211
-5.46855,0.207
-5.48005,0.202
-5.49117,0.199
-5.50268,0.195
-5.51169,0.191
-5.5253,0.188
-5.53642,0.185
-5.54793,0.182
-5.55915,0.179
-5.57056,0.176
-5.58196,0.174
-5.59759,0.171
-5.609,0.169
-5.62022,0.166
-5.63163,0.164
-5.64284,0.16
-5.65425,0.157
-5.66547,0.156
-5.67688,0.154
-5.6881,0.153
-5.69951,0.151
-5.71072,0.149
-5.72213,0.148
-5.73335,0.146
-5.75626,0.144
-5.76719,0.143
-5.77812,0.142
-5.78896,0.142
-5.83258,0.145
-5.8438,0.144
-5.85473,0.143
-5.86565,0.142
-5.88742,0.14
-5.89835,0.137
-5.90928,0.138
-5.92021,0.136
-5.94226,0.136
-0.491641,0.136
-0.50257,0.136
-0.513692,0.136
-0.535551,0.137
-0.546768,0.138
-0.557602,0.14
-0.568819,0.138
-0.579749,0.14
-0.59087,0.141
-0.6018,0.142
-0.612729,0.143
-0.623947,0.144
-0.63478,0.144
-0.645998,0.145
-0.656927,0.145
-0.668049,0.146
-0.701604,0.142
-0.713397,0.142
-0.725094,0.143
-0.73679,0.144
-0.748295,0.145
-0.759992,0.146
-0.771688,0.147
-0.783481,0.148
-0.795177,0.15
-0.806586,0.151
-0.818379,0.152
-0.830075,0.154
-0.841772,0.155
-0.853277,0.156
-0.864973,0.157
-0.87667,0.159
-0.888462,0.161
-0.900159,0.162
-0.911568,0.164
-0.923361,0.167
-0.935057,0.168
-0.946754,0.17
-0.958259,0.172
-0.965641,0.174
-0.977338,0.176
-0.989034,0.178
-1.00083,0.179
-1.01224,0.182
-1.02393,0.184
-1.03572,0.187
-1.04742,0.189
-1.05912,0.191
-1.07005,0.192
-1.08126,0.193
-1.09239,0.194
-1.1036,0.195
-1.15892,0.208
-1.17014,0.208
-1.19248,0.204
-1.20341,0.202
-1.21463,0.2
-1.22575,0.199
-1.22824,0.198
-1.23696,0.197
-1.25901,0.195
-1.27023,0.194
-1.28145,0.193
-1.29228,0.192
-1.3035,0.191
-1.31472,0.19
-1.32584,0.189
-1.33677,0.187
-1.34799,0.187
-1.35911,0.186
-1.37032,0.185
-1.38125,0.184
-1.39238,0.184
-1.40359,0.183
-1.41471,0.182
-1.42536,0.182
-1.43629,0.181
-1.44721,0.18
-1.46907,0.179
-1.47991,0.179
-1.49084,0.178
-1.50177,0.178
-1.5127,0.177
-1.52353,0.177
-1.53446,0.176
-1.54539,0.176
-1.56725,0.175
-1.57808,0.175
-1.58901,0.175
-1.59965,0.175
-1.61058,0.174
-1.62151,0.174
-1.63235,0.174
-1.64328,0.174
-1.65421,0.173
-1.66514,0.173
-1.67597,0.173
-1.6869,0.173
-1.69783,0.173
-1.70876,0.173
-1.71969,0.173
-1.73052,0.173
-1.74145,0.173
-1.75238,0.173
-1.77414,0.173
-1.78507,0.173
-1.79629,0.173
-1.80722,0.173
-1.81805,0.173
-1.83368,0.174
-1.8402,0.174
-1.85113,0.174
-1.86225,0.175
-1.88411,0.175
-1.89523,0.175
-1.90616,0.176
-1.91709,0.176
-1.92831,0.176
-1.93914,0.177
-1.96129,0.178
-1.97222,0.178
-1.98305,0.179
-1.99427,0.179
-2.0052,0.18
-2.01603,0.181
-2.02725,0.182
-2.03818,0.182
-2.04911,0.183
-2.07116,0.184
-2.08209,0.185
-2.09321,0.186
-2.10414,0.187
-2.11536,0.188
-2.12648,0.189
-2.13799,0.189
-2.14939,0.19
-2.1609,0.192
-2.17212,0.192
-2.18353,0.193
-2.1841,0.194
-2.20644,0.195
-2.21785,0.196
-2.22907,0.198
-2.24047,0.199
-2.25198,0.2
-2.26339,0.201
-2.27461,0.202
-2.28601,0.204
-2.29752,0.205
-2.30893,0.206
-2.32043,0.207
-2.33165,0.209
-2.34306,0.21
-2.36597,0.215
-2.35965,0.216
-2.36243,0.218
-2.38045,0.22
-2.41151,0.222
-2.4189,0.226
-2.42158,0.228
-2.44392,0.229
-2.46846,0.232
-2.46683,0.235
-2.48649,0.237
-2.47997,0.239
-2.51295,0.242
-2.4955,0.245
-2.535,0.247
-2.52627,0.25
-2.53529,0.248
-2.53318,0.253
-2.59473,0.246
-2.60595,0.244
-2.59943,0.241
-2.64545,0.238
-2.64765,0.236
-2.65206,0.234
-2.67852,0.232
-2.68936,0.23
-2.70057,0.228
-2.69405,0.226
-2.70086,0.224
-2.73355,0.222
-2.74477,0.22
-2.7557,0.219
-2.76682,0.217
-2.77775,0.216
-2.76931,0.214
-2.7998,0.212
-2.81102,0.211
-2.83307,0.209
-2.84429,0.207
-2.84486,0.206
-2.8672,0.205
-2.87861,0.204
-2.89012,0.202
-2.90152,0.201
-2.91303,0.2
-2.9114,0.2
-2.93594,0.199
-2.94735,0.198
-2.95886,0.197
-2.97027,0.196
-2.98177,0.195
-2.99318,0.194
-3.00468,0.193
-3.01609,0.193
-3.02731,0.192
-3.03872,0.191
-3.05022,0.191
-3.06163,0.19
-3.07314,0.189
-3.08455,0.189
-3.09596,0.188
-3.10746,0.188
-3.11887,0.187
-3.13038,0.187
-3.14178,0.187
-3.15329,0.186
-3.1647,0.186
-3.1762,0.186
-3.18761,0.185
-3.19912,0.185
-3.20976,0.185
-3.22059,0.185
-3.23123,0.184
-3.24216,0.184
-3.25309,0.184
-3.26374,0.184
-3.27467,0.184
-3.2855,0.184
-3.30707,0.184
-3.31771,0.184
-3.32864,0.184
-3.33957,0.184
-3.37198,0.184
-3.40419,0.185
-3.41502,0.185
-3.42595,0.185
-3.4366,0.185
-3.44753,0.186
-3.45846,0.186
-3.47341,0.186
-3.47993,0.187
-3.49057,0.187
-3.5015,0.188
-3.51243,0.188
-3.52307,0.188
-3.534,0.189
-3.55606,0.19
-3.56727,0.19
-3.57839,0.191
-3.58961,0.192
-3.60083,0.192
-3.61195,0.193
-3.62317,0.194
-3.63458,0.194
-3.64579,0.195
-3.66813,0.196
-3.67935,0.197
-3.69047,0.198
-3.70169,0.199
-3.7129,0.2
-3.72431,0.2
-3.73553,0.201
-3.75787,0.204
-3.76909,0.205
-3.78021,0.206
-3.79143,0.206
-3.80255,0.208
-3.81405,0.209
-3.82086,0.21
-3.83639,0.211
-3.84761,0.212
-3.85873,0.214
-3.86995,0.215
-3.88116,0.216
-3.89228,0.218
-3.90379,0.219
-3.89995,0.221
-3.91577,0.222
-3.93811,0.224
-3.94962,0.225
-3.96103,0.227
-3.94847,0.228
-3.98394,0.23
-3.97359,0.232
-3.97627,0.234
-4.00302,0.238
-3.99918,0.24
-4.01941,0.242
-4.0221,0.244
-4.0336,0.246
-4.03849,0.248
-4.06112,0.251
-4.06169,0.254
-4.09928,0.256
-4.0802,0.258
-4.10695,0.261
-4.10311,0.264
-4.13417,0.266
-4.13475,0.269
-4.13312,0.272
-4.14894,0.276
-4.16476,0.278
-4.17837,0.28
-4.19199,0.28
-4.19908,0.287
-4.19966,0.279
-4.2264,0.277
-4.24031,0.274
-4.23839,0.268
-4.25852,0.266
-4.27875,0.264
-4.27712,0.261
-4.29074,0.259
-4.30214,0.258
-4.32458,0.256
-4.34692,0.254
-4.33877,0.252
-4.36331,0.251
-4.35698,0.249
-4.38594,0.248
-4.40176,0.246
-4.39572,0.245
-4.41154,0.245
-4.45353,0.206
-4.43225,0.238
-4.47213,0.239
-4.46168,0.239
-4.49936,0.236
-4.48459,0.236
-4.48929,0.235
-4.50511,0.233
-4.5449,0.232
-4.55631,0.23
-4.56781,0.228
-4.55525,0.228
-4.59073,0.227
-4.60213,0.226
-4.61364,0.227
-4.60328,0.216
-4.64767,0.22
-4.63521,0.224
-4.67059,0.212
-4.6935,0.221
-4.70472,0.22
-4.69868,0.22
-4.72763,0.22
-4.73904,0.219
-4.75055,0.219
-4.76167,0.219
-4.77317,0.218
-4.78458,0.218
-4.77643,0.217
-4.79225,0.217
-4.8168,0.218
-4.83012,0.217
-4.84163,0.217
-4.83779,0.217
-4.84268,0.217
-4.86071,0.217
-4.87624,0.217
-4.87461,0.217
-4.90347,0.217
-4.89973,0.217
-4.91986,0.217
-4.94853,0.217
-4.95562,0.217
-4.96703,0.217
-4.95447,0.218
-4.98563,0.218
-4.97959,0.218
-4.99924,0.219
-5.00826,0.219
-5.03443,0.219
-5.04555,0.22
-5.05648,0.22
-5.04373,0.22
-5.07642,0.221
-5.07882,0.222
-5.09004,0.223
-5.12963,0.224
-5.156,0.225
-5.14948,0.226
-5.17814,0.226
-5.18927,0.227
-5.21141,0.228
-5.23346,0.23
-5.24439,0.231
-5.24027,0.232
-5.2558,0.233
-5.28859,0.234
-5.29971,0.236
-5.28226,0.237
-5.3,0.238
-5.30872,0.239
-5.31122,0.24
-5.33768,0.241
-5.35589,0.241
-5.35426,0.247
-5.37008,0.245
-5.39031,0.234
-5.39741,0.228
-5.43499,0.222
-5.44208,0.218
-5.4579,0.213
-5.46941,0.209
-5.48082,0.204
-5.49232,0.2
-5.50814,0.196
-5.51524,0.193
-5.52665,0.19
-5.53805,0.186
-5.54927,0.183
-5.56078,0.18
-5.57219,0.177
-5.58369,0.175
-5.5951,0.172
-5.61092,0.168
-5.62233,0.165
-5.63383,0.163
-5.64524,0.161
-5.65675,0.159
-5.66815,0.157
-5.67966,0.155
-5.69107,0.154
-5.70257,0.152
-5.71398,0.15
-5.72549,0.149
-5.73632,0.147
-5.74754,0.146
-5.75876,0.145
-5.76959,0.144
-5.78081,0.142
-5.79202,0.142
-5.80315,0.141
-5.82529,0.145
-5.83641,0.144
-5.84734,0.144
-5.85856,0.142
-5.90295,0.14
-5.91417,0.138
-5.9251,0.138
-0.512925,0.137
-0.523854,0.136
-0.545905,0.137
-0.557123,0.138
-0.568244,0.137
-0.601512,0.142
-0.612442,0.143
-0.623659,0.143
-0.634589,0.143
-0.64571,0.145
-0.656927,0.145
-0.667857,0.146
-0.678978,0.145
-0.701604,0.141
-0.713109,0.142
-0.724806,0.142
-0.736311,0.143
-0.748007,0.144
-0.759416,0.145
-0.770921,0.146
-0.782618,0.148
-0.794123,0.149
-0.805819,0.15
-0.817228,0.151
-0.828733,0.152
-0.84043,0.154
-0.851935,0.155
-0.863631,0.156
-0.87504,0.158
-0.886545,0.159
-0.898242,0.161
-0.909746,0.162
-0.944357,0.169
-0.956054,0.171
-0.963148,0.172
-0.974845,0.174
-0.98635,0.176
-0.997759,0.178
-1.00955,0.18
-1.02096,0.182
-1.03266,0.184
-1.04416,0.187
-1.05586,0.189
-1.06679,0.191
-1.078,0.192
-1.08913,0.193
-1.10034,0.195
-1.13361,0.207
-1.14473,0.21
-1.1781,0.208
-1.20015,0.204
-1.21137,0.202
-1.22249,0.2
-1.2337,0.199
-1.24463,0.198
-1.25576,0.196
-1.26697,0.195
-1.27809,0.194
-1.28902,0.193
-1.30024,0.192
-1.31136,0.191
-1.32258,0.189
-1.33351,0.189
-1.34463,0.188
-1.35585,0.187
-1.36706,0.186
-1.3779,0.185
-1.38912,0.184
-1.40033,0.184
-1.41145,0.183
-1.4221,0.182
-1.43303,0.182
-1.44396,0.18
-1.4546,0.18
-1.47636,0.179
-1.48729,0.179
-1.49793,0.178
-1.51979,0.178
-1.53043,0.177
-1.54127,0.177
-1.5522,0.176
-1.56313,0.176
-1.57377,0.175
-1.59553,0.175
-1.60617,0.175
-1.6171,0.174
-1.62803,0.174
-1.63896,0.174
-1.6496,0.174
-1.66044,0.174
-1.67137,0.173
-1.68201,0.173
-1.69294,0.173
-1.70387,0.173
-1.7147,0.173
-1.72534,0.173
-1.7472,0.173
-1.75813,0.173
-1.78018,0.174
-1.79111,0.173
-1.80224,0.173
-1.81345,0.174
-1.82438,0.174
-1.8355,0.174
-1.84672,0.174
-1.85765,0.174
-1.86877,0.175
-1.89092,0.175
-1.90214,0.176
-1.91297,0.176
-1.9354,0.177
-1.94624,0.177
-1.95746,0.178
-1.96838,0.178
-1.99072,0.179
-2.00165,0.18
-2.01277,0.18
-2.02399,0.181
-2.03492,0.182
-2.05697,0.183
-2.06819,0.184
-2.07931,0.185
-2.09024,0.185
-2.10146,0.186
-2.11258,0.187
-2.1238,0.188
-2.13501,0.189
-2.16857,0.192
-2.1912,0.194
-2.20232,0.195
-2.21353,0.196
-2.20941,0.197
-2.23616,0.198
-2.2585,0.2
-2.26972,0.201
-2.28084,0.202
-2.29234,0.204
-2.30356,0.205
-2.31468,0.206
-2.31497,0.208
-2.33702,0.209
-2.33951,0.211
-2.35965,0.212
-2.37086,0.214
-2.37547,0.215
-2.37364,0.217
-2.40442,0.219
-2.41583,0.221
-2.42705,0.223
-2.40988,0.224
-2.43193,0.226
-2.4606,0.228
-2.45025,0.23
-2.46137,0.233
-2.47939,0.235
-2.48428,0.24
-2.48927,0.243
-2.52905,0.245
-2.50346,0.248
-2.51487,0.251
-2.57354,0.241
-2.58274,0.249
-2.62042,0.246
-2.61438,0.243
-2.63241,0.241
-2.65475,0.238
-2.63979,0.236
-2.67737,0.234
-2.68888,0.232
-2.69808,0.229
-2.69866,0.228
-2.7232,0.226
-2.7347,0.224
-2.74611,0.222
-2.75513,0.22
-2.76874,0.218
-2.78024,0.217
-2.79165,0.215
-2.80316,0.214
-2.81457,0.212
-2.82598,0.211
-2.83748,0.209
-2.82904,0.208
-2.86011,0.206
-2.87132,0.204
-2.88273,0.203
-2.88523,0.203
-2.90536,0.201
-2.91437,0.2
-2.92799,0.199
-2.9392,0.198
-2.95061,0.197
-2.96183,0.196
-2.97324,0.196
-2.99596,0.194
-3.00708,0.193
-3.01859,0.193
-3.02971,0.192
-3.04121,0.191
-3.05233,0.19
-3.06384,0.19
-3.07496,0.19
-3.08647,0.189
-3.09768,0.189
-3.10909,0.188
-3.12031,0.188
-3.13172,0.187
-3.14293,0.186
-3.15434,0.186
-3.16556,0.186
-3.17697,0.186
-3.18819,0.186
-3.1996,0.185
-3.21053,0.185
-3.22174,0.185
-3.23286,0.185
-3.24408,0.184
-3.2553,0.184
-3.26642,0.184
-3.27735,0.184
-3.28857,0.184
-3.29969,0.184
-3.31091,0.184
-3.32212,0.184
-3.33324,0.184
-3.34417,0.184
-3.35539,0.184
-3.36651,0.184
-3.37773,0.184
-3.38885,0.185
-3.40007,0.185
-3.41129,0.185
-3.42212,0.185
-3.43334,0.185
-3.45568,0.186
-3.46689,0.186
-3.47811,0.186
-3.48894,0.187
-3.50016,0.187
-3.51138,0.188
-3.5225,0.188
-3.53372,0.189
-3.55606,0.19
-3.56727,0.19
-3.57839,0.19
-3.58961,0.191
-3.60083,0.192
-3.60543,0.193
-3.62345,0.193
-3.63458,0.193
-3.65701,0.194
-3.66813,0.196
-3.67964,0.197
-3.69076,0.197
-3.70198,0.198
-3.72431,0.2
-3.73582,0.201
-3.74694,0.202
-3.75816,0.203
-3.76928,0.204
-3.77398,0.205
-3.79171,0.206
-3.80312,0.207
-3.81434,0.208
-3.82546,0.209
-3.83668,0.21
-3.84789,0.211
-3.84185,0.213
-3.87052,0.214
-3.88164,0.215
-3.88193,0.217
-3.88663,0.218
-3.91549,0.219
-3.91136,0.221
-3.93811,0.222
-3.94933,0.224
-3.96074,0.226
-3.94358,0.228
-3.9594,0.229
-3.98365,0.232
-4.00599,0.235
-4.015,0.237
-3.99813,0.238
-4.03983,0.24
-4.02296,0.242
-4.03629,0.244
-4.04559,0.246
-4.04587,0.25
-4.05949,0.251
-4.07723,0.254
-4.08652,0.256
-4.08892,0.259
-4.11567,0.262
-4.12679,0.264
-4.12737,0.268
-4.12986,0.27
-4.14788,0.273
-4.16121,0.276
-4.19553,0.282
-4.20924,0.278
-4.22036,0.275
-4.2427,0.272
-4.26236,0.27
-4.25363,0.268
-4.26456,0.266
-4.28009,0.263
-4.29534,0.261
-4.30406,0.258
-4.32151,0.257
-4.34145,0.255
-4.36331,0.253
-4.37415,0.251
-4.37635,0.25
-4.39188,0.248
-4.38536,0.246
-4.40502,0.245
-4.40722,0.245
-4.42927,0.241
-4.4729,0.239
-4.49715,0.237
-4.49495,0.236
-4.51901,0.235
-4.5146,0.234
-4.51057,0.233
-4.55199,0.231
-4.55199,0.231
-4.5959,0.228
-4.60683,0.227
-4.61767,0.226
-4.62888,0.228
-4.63981,0.216
-4.64691,0.224
-4.67308,0.212
-4.69542,0.22
-4.70635,0.22
-4.6935,0.22
-4.72869,0.219
-4.73962,0.219
-4.72466,0.219
-4.74451,0.218
-4.77289,0.218
-4.7841,0.218
-4.79091,0.217
-4.80203,0.217
-4.81737,0.217
-4.82849,0.217
-4.85064,0.217
-4.86176,0.217
-4.85553,0.217
-4.85984,0.217
-4.89503,0.217
-4.90625,0.217
-4.91718,0.217
-4.91305,0.217
-4.92638,0.217
-4.95044,0.217
-4.96156,0.217
-4.97278,0.218
-4.984,0.218
-4.97767,0.218
-5.00663,0.218
-5.01775,0.218
-5.02925,0.219
-5.04037,0.219
-5.05188,0.22
-5.063,0.22
-5.0745,0.22
-5.08572,0.221
-5.09713,0.221
-5.10835,0.222
-5.11976,0.223
-5.13097,0.223
-5.14238,0.224
-5.13615,0.224
-5.16501,0.225
-5.17651,0.226
-5.18764,0.227
-5.17076,0.227
-5.1907,0.228
-5.22177,0.228
-5.22474,0.23
-5.23596,0.231
-5.23433,0.232
-5.27824,0.233
-5.25916,0.235
-5.30086,0.235
-5.2861,0.236
-5.30824,0.237
-5.31313,0.238
-5.31802,0.239
-5.35752,0.242
-5.35378,0.242
-5.36519,0.244
-5.39165,0.242
-5.39491,0.231
-5.3998,0.232
-5.43719,0.226
-5.42464,0.22
-5.46011,0.215
-5.47133,0.21
-5.48273,0.206
-5.48762,0.203
-5.50565,0.198
-5.50594,0.195
-5.52828,0.191
-5.53978,0.188
-5.5509,0.184
-5.56241,0.182
-5.57382,0.179
-5.58532,0.176
-5.59644,0.173
-5.61226,0.171
-5.62377,0.169
-5.63489,0.166
-5.64639,0.162
-5.6578,0.16
-5.66931,0.158
-5.68043,0.156
-5.69193,0.155
-5.70334,0.153
-5.71485,0.151
-5.72549,0.15
-5.73632,0.148
-5.74696,0.147
-5.75789,0.145
-5.76853,0.144
-5.77946,0.143
-5.80104,0.141
-5.84437,0.145
-5.85501,0.145
-5.86594,0.142
-5.87649,0.142
-5.88742,0.142
-5.89835,0.14
-5.93056,0.136
-5.95232,0.136
